aa_seqs,mhc.a,mhc.b,mhc.class,antigen.epitope,antigen.gene,antigen.species
CASSLDRGTEAFF,HLA-A*03:01,B2M,MHCI,KLGGALQAK,IE1,CMV
CASSFTGARTDTQYF,HLA-A*11:01,B2M,MHCI,IVTDFSVIK,EBNA4,EBV
CASSPLGGNQPQHF,HLA-A*02,B2M,MHCI,GILGFVFTL,M,InfluenzaA
CASSAGNTEAFF,HLA-A*03:01,B2M,MHCI,KLGGALQAK,IE1,CMV
CASSPGSYSNQPQHF,HLA-B*15:01,B2M,MHCI,NQKLIANQF,Spike,SARS-CoV-2
CASSLAEKLFF,HLA-A*03:01,B2M,MHCI,KLGGALQAK,IE1,CMV
CASSQYSNQPQHF,HLA-A*02,B2M,MHCI,GILGFVFTL,M,InfluenzaA
CASSLSDNQPQHF,HLA-A*11:01,B2M,MHCI,AVFDRKSDAK,EBNA4,EBV
CASSWDSSYEQYF,HLA-A*01:01,B2M,MHCI,VTEHDTLLY,pp50,CMV
CASSGGNYGYTF,HLA-B*57,B2M,MHCI,KAFSPEVIPMF,Gag,HIV-1
CSARNTGELFF,HLA-A*03:01,B2M,MHCI,KLGGALQAK,IE1,CMV
CASSWGSYEQYF,HLA-A*03:01,B2M,MHCI,KLGGALQAK,IE1,CMV
CASSQGRGSNQPQHF,HLA-A*03:01,B2M,MHCI,KLGGALQAK,IE1,CMV
CASSWTGNTEAFF,HLA-A*02,B2M,MHCI,GILGFVFTL,M,InfluenzaA
CASSRNEQFF,HLA-A*03:01,B2M,MHCI,KLGGALQAK,IE1,CMV
CASSLGPDYEQYF,HLA-A*11:01,B2M,MHCI,GTSGSPIINR,NS3,DENV3/4
CASSLGPDYEQYF,HLA-A*11:01,B2M,MHCI,GTSGSPIVNR,NS3,DENV1
CASSLTRAGNTIYF,HLA-A*03:01,B2M,MHCI,KLGGALQAK,IE1,CMV
CASSPGTNYGYTF,HLA-A*03:01,B2M,MHCI,KLGGALQAK,IE1,CMV
CASSPGTNYGYTF,HLA-B*08:01,B2M,MHCI,RAKFKQLL,BZLF1,EBV
CASSPGTNYGYTF,HLA-A*11:01,B2M,MHCI,AVFDRKSDAK,EBNA4,EBV
CASSLSGGSYNEQFF,HLA-A*03:01,B2M,MHCI,KLGGALQAK,IE1,CMV
CASSLSGGSYNEQFF,HLA-B*08:01,B2M,MHCI,RAKFKQLL,BZLF1,EBV
CASSLSGGSYNEQFF,HLA-A*11:01,B2M,MHCI,AVFDRKSDAK,EBNA4,EBV
CASSPQGAYEQYF,HLA-A*03:01,B2M,MHCI,KLGGALQAK,IE1,CMV
CSARDSTGNGYTF,HLA-A*02,B2M,MHCI,GLCTLVAML,BMLF1,EBV
CSARDSTGNGYTF,HLA-A*02:01,B2M,MHCI,GLCTLVAML,BMLF1,EBV
CASSRDSTGELFF,HLA-B*07:02,B2M,MHCI,LPRRSGAAGA,NP,InfluenzaA
CASSFRQGDTGELFF,HLA-A*03:01,B2M,MHCI,KLGGALQAK,IE1,CMV
CASSLAPGATNEKLFF,HLA-A*02:01,B2M,MHCI,NLVPMVATV,pp65,CMV
CASSLAPGATNEKLFF,HLA-A*02,B2M,MHCI,NLVPMVATV,pp65,CMV
CASRQGNTGELFF,HLA-A*03:01,B2M,MHCI,KLGGALQAK,IE1,CMV
CASRQGNTGELFF,HLA-DQA1*05:01,HLA-DQB1*03:01,MHCII,MTEYKLVVVGAGDVGKSALTIQLI,KRAS,HomoSapiens
CASSPQGGGYGYTF,HLA-A*02:01,B2M,MHCI,FLYALALLL,LMP2A,EBV
CASSLGLSGELFF,HLA-A*02:01,B2M,MHCI,YLQPRTFLL,Spike,SARS-CoV-2
CASSRTGSSYNEQFF,HLA-A*02:01,B2M,MHCI,KSVNITFEL,ORF1ab,SARS-CoV-2
CASSVVPSSYEQYF,HLA-A*02,B2M,MHCI,GILGFVFTL,M,InfluenzaA
CASSLSGNSPLHF,HLA-A*02,B2M,MHCI,NLVPMVATV,pp65,CMV
CASSFDRGYNEQFF,HLA-A*03:01,B2M,MHCI,KLGGALQAK,IE1,CMV
CASSLLGNTGELFF,HLA-B*08,B2M,MHCI,EIYKRWII,Gag,HIV-1
CASSDSAGGTDTQYF,HLA-A*02,B2M,MHCI,GILGFVFTL,M,InfluenzaA
CASSLGTGNTEAFF,HLA-A*03:01,B2M,MHCI,KLGGALQAK,IE1,CMV
CASSLGQGTYEQYF,HLA-A*11:01,B2M,MHCI,GTSGSPIVNR,NS3,DENV1
CASSLGQGTYEQYF,HLA-A*11:01,B2M,MHCI,GTSGSPIINR,NS3,DENV3/4
CASSLGQGTYEQYF,HLA-A*03:01,B2M,MHCI,KLGGALQAK,IE1,CMV
CASSPQGINYGYTF,HLA-A*02,B2M,MHCI,GILGFVFTL,M,InfluenzaA
CASSFSGTANTEAFF,HLA-A*02:01,B2M,MHCI,GILGFVFTL,M,InfluenzaA
CASSLDRGNTIYF,HLA-A*02:01,B2M,MHCI,GLCTLVAML,BMLF1,EBV
CASSFAVNTEAFF,HLA-A*01:01,B2M,MHCI,LTDEMIAQY,Spike,SARS-CoV-2
CASSQGYNEQFF,HLA-A*03:01,B2M,MHCI,KLGGALQAK,IE1,CMV
CASSQGYNEQFF,HLA-A*11:01,B2M,MHCI,AVFDRKSDAK,EBNA4,EBV
CASSDGTGNTEAFF,HLA-A*03:01,B2M,MHCI,KLGGALQAK,IE1,CMV
CASSEGQGNTEAFF,HLA-A*03:01,B2M,MHCI,KLGGALQAK,IE1,CMV
CASSRHTGELFF,HLA-B*27:05,B2M,MHCI,KRWIILGLNK,Gag,HIV-1
CASSLGASSYNEQFF,HLA-A*02:01,B2M,MHCI,YLQPRTFLL,Spike,SARS-CoV-2
CASSLQGGEKLFF,HLA-B*08:01,B2M,MHCI,RAKFKQLL,BZLF1,EBV
CASSPTGNTEAFF,HLA-A*02,B2M,MHCI,NLVPMVATV,pp65,CMV
CASSSRTGELFF,HLA-B*27,B2M,MHCI,KRWIILGLNK,Gag,HIV-1
CASSSRTGELFF,HLA-B*27:05,B2M,MHCI,KRWIILGLNK,Gag,HIV-1
CASSLGRGSGANVLTF,HLA-A*02:01,B2M,MHCI,SLYNTVATL,Gag,HIV-1
CASSFSYEQYF,HLA-A*11:01,B2M,MHCI,AVFDRKSDAK,EBNA4,EBV
CASSLTGNTEAFF,HLA-A*02:01,B2M,MHCI,NLVPMVATV,pp65,CMV
CASSLTGNTEAFF,HLA-B*51:01,B2M,MHCI,TAFTIPSI,Pol,HIV-1
CASSLTGNTEAFF,HLA-A*03:01,B2M,MHCI,KLGGALQAK,IE1,CMV
CASSLGAYEQYF,HLA-A*02:01,B2M,MHCI,GLCTLVAML,BMLF1,EBV
CASSLGGYNEQFF,HLA-A*02,B2M,MHCI,NLVPMVATV,pp65,CMV
CASSLGGYNEQFF,HLA-A*03:01,B2M,MHCI,KLGGALQAK,IE1,CMV
CASSNRDRPYEQYF,HLA-A*02,B2M,MHCI,NLVPMVATV,pp65,CMV
CASSQQGSYGYTF,HLA-B*08:01,B2M,MHCI,RAKFKQLL,BZLF1,EBV
CASSEWGATEAFF,HLA-A*01:01,B2M,MHCI,TTDPSFLGRY,NSP3,SARS-CoV-2
CASSLGVGGGQPQHF,HLA-B*81:01,B2M,MHCI,TPQDLNTML,Gag,HIV-1
CASSQGNEQFF,HLA-A*02:01,B2M,MHCI,GILGFVFTL,M,InfluenzaA
CASSQGNEQFF,HLA-A*03:01,B2M,MHCI,KLGGALQAK,IE1,CMV
CASSDRGRSYEQYF,HLA-A*02:01,B2M,MHCI,YLQPRTFLL,Spike,SARS-CoV-2
CASSLGGNEQFF,HLA-A*02,B2M,MHCI,NLVPMVATV,pp65,CMV
CASSLGGNEQFF,HLA-B*57:01,B2M,MHCI,KSKRTPMGF,NS5B,HCV
CASSLGGNEQFF,HLA-B*08:01,B2M,MHCI,RAKFKQLL,BZLF1,EBV
CASSLGGNEQFF,HLA-A*02:01,B2M,MHCI,ELAGIGILTV,MLANA,HomoSapiens
CASSLRNTEAFF,HLA-A*02,B2M,MHCI,GLCTLVAML,BMLF1,EBV
CASSLYSNQPQHF,HLA-A*02:01,B2M,MHCI,FLYNLLTRV,SEC24A,HomoSapiens
CASSLYSNQPQHF,HLA-A*02:01,B2M,MHCI,GILGFVFTL,M,InfluenzaA
CASSLYSNQPQHF,HLA-A*01:01,B2M,MHCI,DTDFVNEFY,RNP,SARS-CoV-2
CASSVGGTDTQYF,HLA-B*08:01,B2M,MHCI,RAKFKQLL,BZLF1,EBV
CASSYSQGQPQHF,HLA-DRB1*04:05,HLA-DRA*01:01,MHCII,NCTFEYVSQPFLMDL,Spike,SARS-CoV-2
CASSLKTGELFF,HLA-A*03:01,B2M,MHCI,KLGGALQAK,IE1,CMV
CASSSGYTEAFF,HLA-DRA*01,HLA-DRB1*01,MHCII,GLIYNRMGAVTTEV,M1,InfluenzaA
CASSTLAGSTDTQYF,HLA-A*02,B2M,MHCI,RLQSLQTYV,Spike,SARS-CoV-2
CASSIGPNTGELFF,HLA-A*02:01,B2M,MHCI,TLLFLMSFT,ORF1ab,SARS-CoV-2
CASSSQGAYGYTF,HLA-A*02:01,B2M,MHCI,LLWNGPMAV,NS4B,YFV
CASSLGGSYEQYF,HLA-A*02,B2M,MHCI,LLLGIGILV,BST2,HomoSapiens
CASSWGTDTQYF,HLA-A*03:01,B2M,MHCI,KLGGALQAK,IE1,CMV
CASSPRTGGSYGYTF,HLA-A*03:01,B2M,MHCI,KLGGALQAK,IE1,CMV
CASSTYSNQPQHF,HLA-A*02:01,B2M,MHCI,GILGFVFTL,M,InfluenzaA
CASSTYSNQPQHF,HLA-A*03:01,B2M,MHCI,KLGGALQAK,IE1,CMV
CASSLSGQPQHF,HLA-A*11:01,B2M,MHCI,IVTDFSVIK,EBNA4,EBV
CASSSTDTQYF,HLA-A*03:01,B2M,MHCI,KLGGALQAK,IE1,CMV
CASSSTDTQYF,HLA-A*02:01,B2M,MHCI,ELAGIGILTV,MLANA,HomoSapiens
CASSLYRGTGELFF,HLA-A*02:01,B2M,MHCI,FMPDFDLHL,AHNAK,HomoSapiens
CASSQGDGANVLTF,HLA-A*02,B2M,MHCI,RLQSLQTYV,Spike,SARS-CoV-2
CASSLTGQETQYF,HLA-A*02:01,B2M,MHCI,NLVPMVATV,pp65,CMV
CASSYSTGGNTEAFF,HLA-A*03:01,B2M,MHCI,KLGGALQAK,IE1,CMV
CASSRTENTEAFF,HLA-A*03:01,B2M,MHCI,KLGGALQAK,IE1,CMV
CASSWTSYEQYF,HLA-A*03:01,B2M,MHCI,KLGGALQAK,IE1,CMV
CASSSGLAGGREQYF,HLA-B*27,B2M,MHCI,KRWIILGLNK,Gag,HIV-1
CASSSGLAGGREQYF,HLA-B*27:05,B2M,MHCI,KRWIILGLNK,Gag,HIV-1
CSARGLAGVNEQFF,HLA-A*02,B2M,MHCI,LLLGIGILV,BST2,HomoSapiens
CASSLDNSPLHF,HLA-A*01:01,B2M,MHCI,TTDPSFLGRY,NSP3,SARS-CoV-2
CASSFARGYEQYF,HLA-A*03:01,B2M,MHCI,KLGGALQAK,IE1,CMV
CASSLTGRETQYF,HLA-A*30:02,B2M,MHCI,MTLHGHMMY,PLCD3,HomoSapiens
CASREETQYF,HLA-A*02,B2M,MHCI,NLVPMVATV,pp65,CMV
CASSEQGASNQPQHF,HLA-A*03:01,B2M,MHCI,KLGGALQAK,IE1,CMV
CASSLALNQPQHF,HLA-A*03:01,B2M,MHCI,KLGGALQAK,IE1,CMV
CASSPEETQYF,HLA-DQA1*01:02,HLA-DQB1*06:02,MHCII,TAAQAAVVRFQEAAN,CFP10,M.tuberculosis
CASSLGQGAEQFF,HLA-A*02:01,B2M,MHCI,ELAGIGLTV,MLANA,HomoSapiens
CASSLGQLNEQFF,HLA-B*81:01,B2M,MHCI,TPQDLNTML,Gag,HIV-1
CASSLRDEQYF,HLA-A*02,B2M,MHCI,ILKEPVHGV,Pol,HIV-1
CASSSGTSSYNEQFF,HLA-A*03:01,B2M,MHCI,KLGGALQAK,IE1,CMV
CASSPGRSYEQYF,HLA-A*03:01,B2M,MHCI,KLGGALQAK,IE1,CMV
CASSPGRSYEQYF,HLA-A*02:01,B2M,MHCI,SLLRSLENV,GCN1L1,HomoSapiens
CASRLGPEAFF,HLA-A*02,B2M,MHCI,NLVPMVATV,pp65,CMV
CASSEGQGNYGYTF,HLA-A*03:01,B2M,MHCI,KLGGALQAK,IE1,CMV
CASSLESGSSYNEQFF,HLA-B*07:02,B2M,MHCI,GPGHKARVL,Gag,HIV-1
CASSLVGQSNEKLFF,HLA-A*03:01,B2M,MHCI,KLGGALQAK,IE1,CMV
CASSLVGQSNEKLFF,HLA-A*11:01,B2M,MHCI,AVFDRKSDAK,EBNA4,EBV
CASSPGTGEGYEQYF,HLA-B*08:01,B2M,MHCI,RAKFKQLL,BZLF1,EBV
CASSPGGGNQPQHF,HLA-A*02,B2M,MHCI,NLVPMVATV,pp65,CMV
CASSLAGYEQYF,HLA-A*02:01,B2M,MHCI,NLVPMVATV,pp65,CMV
CASSLAGYEQYF,HLA-A*01:01,B2M,MHCI,LTDEMIAQY,Spike,SARS-CoV-2
CASSFTGGSYEQYF,HLA-A*03:01,B2M,MHCI,KLGGALQAK,IE1,CMV
CASSPGGDEQFF,HLA-A*03:01,B2M,MHCI,KLGGALQAK,IE1,CMV
CASSGQGYGYTF,HLA-B*57,B2M,MHCI,KAFSPEVIPMF,Gag,HIV-1
CASSGQGYGYTF,HLA-B*57:01,B2M,MHCI,KAFSPEVIPMF,Gag,HIV-1
CASSPGQGYEQYF,HLA-A*02,B2M,MHCI,NLVPMVATV,pp65,CMV
CASSPGQGYEQYF,HLA-A*02:01,B2M,MHCI,ELAGIGILTV,MLANA,HomoSapiens
CASSPGQGYEQYF,HLA-A*24:02,B2M,MHCI,NYNYLYRLF,Spike,SARS-CoV-2
CASSYGTEAFF,HLA-A*11:01,B2M,MHCI,AVFDRKSDAK,EBNA4,EBV
CASSYGTEAFF,HLA-A*03:01,B2M,MHCI,KLGGALQAK,IE1,CMV
CASSQGTVYGYTF,HLA-A*03:01,B2M,MHCI,KLGGALQAK,IE1,CMV
CASSLENTGELFF,HLA-A*01:01,B2M,MHCI,FIDTKRGVY,ORF1ab,SARS-CoV-2
CASSRDRGYEQYF,HLA-A*02,B2M,MHCI,NLVPMVATV,pp65,CMV
CASSRDRGYEQYF,HLA-A*01:01,B2M,MHCI,NSSTCMMCY,ORF1ab,SARS-CoV-2
CASSPDSNNEQFF,HLA-A*03:01,B2M,MHCI,KLGGALQAK,IE1,CMV
CASSPDSNNEQFF,HLA-B*27:05,B2M,MHCI,KRWIILGLNK,Gag,HIV-1
CASSLGGGTEAFF,HLA-A*02,B2M,MHCI,NLVPMVATV,pp65,CMV
CASSLGGGTEAFF,HLA-A*02:01,B2M,MHCI,ELAGIGILTV,MLANA,HomoSapiens
CASSLGLENEQFF,HLA-A*02:01,B2M,MHCI,GLCTLVAML,BMLF1,EBV
CASGTGANEKLFF,HLA-A*02,B2M,MHCI,CINGVCWTV,NS3,HCV
CASSPGDSYNEQFF,HLA-B*07:02,B2M,MHCI,WPWYIWLGF,Spike,SARS-CoV-2
CASSVGNTIYF,HLA-A*03:01,B2M,MHCI,KLGGALQAK,IE1,CMV
CASSLAANTEAFF,HLA-DRA1*01,HLA-DRB1*15,MHCII,LLQTGIHVRVSQPSL,pp65,CMV
CASSSGQMNTEAFF,HLA-A*03:01,B2M,MHCI,KLGGALQAK,IE1,CMV
CASSPGQGSYGYTF,HLA-A*03:01,B2M,MHCI,KLGGALQAK,IE1,CMV
CASSLAQSYEQYF,HLA-A*03:01,B2M,MHCI,KLGGALQAK,IE1,CMV
CASSLGNTGELFF,HLA-A*03:01,B2M,MHCI,KLGGALQAK,IE1,CMV
CASSVGGSSYEQYF,HLA-A*02:01,B2M,MHCI,YLEPGPVTV,PMEL,HomoSapiens
CASSVAGSSYEQYF,HLA-A*01:01,B2M,MHCI,LTDEMIAQY,Spike,SARS-CoV-2
CASSSQGNTIYF,HLA-DRA*01,HLA-DRB1*01,MHCII,QARQMVQAMRTIGTHP,M1,InfluenzaA
CASSRGGAYNEQFF,HLA-A*02,B2M,MHCI,NLVPMVATV,pp65,CMV
CASSLGLNYEQYF,HLA-A*02,B2M,MHCI,MLNIPSINV,pp65,CMV
CASSYRGGYEQYF,HLA-A*02:01,B2M,MHCI,SLINTLNDL,ORF1ab,SARS-CoV-2
CASSPGLATDTQYF,HLA-A*02,B2M,MHCI,ELAGIGILTV,MLANA,HomoSapiens
CASSLGQGQPQHF,HLA-A*03:01,B2M,MHCI,KLGGALQAK,IE1,CMV
CASSLGQGQPQHF,HLA-A*02:01,B2M,MHCI,ELAGIGLTV,MLANA,HomoSapiens
CASSLRGDEQFF,HLA-A*03:01,B2M,MHCI,KLGGALQAK,IE1,CMV
CASSLVGSKNIQYF,HLA-A*11:01,B2M,MHCI,GTSGSPIINR,NS3,DENV3/4
CASSLGGPNTGELFF,HLA-A*03:01,B2M,MHCI,KLGGALQAK,IE1,CMV
CSASRDSYEQYF,HLA-A*02:01,B2M,MHCI,KINAWIKVV,Gag,HIV-1
CASSRPYNEQFF,HLA-A*03:01,B2M,MHCI,KLGGALQAK,IE1,CMV
CASSLGTGWTEAFF,HLA-A*03:01,B2M,MHCI,KLGGALQAK,IE1,CMV
CASRASGSYNEQFF,HLA-A*03:01,B2M,MHCI,KLGGALQAK,IE1,CMV
CASSSTSGRADTQYF,HLA-A*01:01,B2M,MHCI,TTDPSFLGRY,NSP3,SARS-CoV-2
CASSLVYEQYF,HLA-A*02,B2M,MHCI,NLVPMVATV,pp65,CMV
CASSLGTDYGYTF,HLA-A*03:01,B2M,MHCI,KLGGALQAK,IE1,CMV
CASSRQGGNYGYTF,HLA-A*02:01,B2M,MHCI,FLYALALLL,LMP2A,EBV
CASSLAGGWGTEAFF,HLA-B*07:02,B2M,MHCI,SPRWYFYYL,Nucleocapsid,SARS-CoV-2
CASSEGGYGYTF,HLA-DRA*01,HLA-DRB5*01:01,MHCII,FRDYVDRFYKTLRAEQASQE,Gag,HIV-1
CASSLSYNEQFF,HLA-A*03:01,B2M,MHCI,KLGGALQAK,IE1,CMV
CASSRTGELFF,HLA-A*03:01,B2M,MHCI,KLGGALQAK,IE1,CMV
CASSRTGELFF,HLA-A*02:01,B2M,MHCI,FLHVTYVPA,Spike,SARS-CoV-2
CASSLGGGSYEQYF,HLA-A*02:01,B2M,MHCI,NLVPMVATV,pp65,CMV
CASSLNRGPSDTQYF,HLA-A*02:01,B2M,MHCI,GILGFVFTL,M,InfluenzaA
CASSLQGTGELFF,HLA-A*03:01,B2M,MHCI,KLGGALQAK,IE1,CMV
CATSDSPTDTQYF,HLA-B*57:01,B2M,MHCI,RAQAPPPSW,NS3,HCV
CASSITGNTEAFF,HLA-A*03:01,B2M,MHCI,KLGGALQAK,IE1,CMV
CASRPVSSYNSPLHF,HLA-A*03:01,B2M,MHCI,RLRAEAQVK,EBNA3A,EBV
CASSSGIYGYTF,HLA-A*02:01,B2M,MHCI,NLVPMVATV,pp65,CMV
CASSLGQGIYGYTF,HLA-A*02,B2M,MHCI,NLVPMVATV,pp65,CMV
CASSYGTDYGYTF,HLA-A*03:01,B2M,MHCI,KLGGALQAK,IE1,CMV
CASSLGLGGDTQYF,HLA-A*03:01,B2M,MHCI,KLGGALQAK,IE1,CMV
CASSLGLGGDTQYF,HLA-B*07:02,B2M,MHCI,RPPIFIRRL,EBNA3A,EBV
CASGDSGNTIYF,HLA-A*02:01,B2M,MHCI,ELAGIGILTV,MLANA,HomoSapiens
CASSPGGSYNEQFF,HLA-A*03:01,B2M,MHCI,KLGGALQAK,IE1,CMV
CASSQGETQYF,HLA-B*44:02,B2M,MHCI,QELIRQGTDY,Nucleocapsid,SARS-CoV-2
CASSIRSAYEQYF,HLA-A*02:01,B2M,MHCI,GILGFVFTL,M,InfluenzaA
CASSIRSAYEQYF,HLA-A*02,B2M,MHCI,GILGFVFTL,M,InfluenzaA
CASSIRSAYEQYF,HLA-A*02:01,B2M,MHCI,YVLDHLIVV,BRLF1,EBV
CASSLVLNTEAFF,HLA-A*03:01,B2M,MHCI,KLGGALQAK,IE1,CMV
CASSFYNEQFF,HLA-A*02,B2M,MHCI,NLVPMVATV,pp65,CMV
CASSLADEQFF,HLA-B*08:01,B2M,MHCI,RAKFKQLL,BZLF1,EBV
CASSPRLAGAETQYF,HLA-A*11:01,B2M,MHCI,AVFDRKSDAK,EBNA4,EBV
CASSLGQGSYEQYF,HLA-A*11:01,B2M,MHCI,GTSGSPIVNR,NS3,DENV1
CASSLGQGSYEQYF,HLA-A*11:01,B2M,MHCI,GTSGSPIINR,NS3,DENV3/4
CASSLTLNTEAFF,HLA-A*11:01,B2M,MHCI,IVTDFSVIK,EBNA4,EBV
CASSLTLNTEAFF,HLA-A*02:01,B2M,MHCI,LPDDFTGCV,Spike,SARS-CoV-2
CASSLTGELFF,HLA-A*03:01,B2M,MHCI,KLGGALQAK,IE1,CMV
CASRQGNEKLFF,HLA-A*03:01,B2M,MHCI,KLGGALQAK,IE1,CMV
CASSSGTSGSYEQYF,HLA-A*03:01,B2M,MHCI,KLGGALQAK,IE1,CMV
CASSTRGNTEAFF,HLA-B*27,B2M,MHCI,KRWIILGLNK,Gag,HIV-1
CASSLGRGRGNEQFF,HLA-B*57:01,B2M,MHCI,VSFIEFVGW,EBNA3B,EBV
CASSTGLSGNTIYF,HLA-A*03:01,B2M,MHCI,KLGGALQAK,IE1,CMV
CASSTGLSGNTIYF,HLA-A*11:01,B2M,MHCI,AVFDRKSDAK,EBNA4,EBV
CASSTGLSGNTIYF,HLA-A*11:01,B2M,MHCI,IVTDFSVIK,EBNA4,EBV
CASSTTGSTDTQYF,HLA-DRA*01,HLA-DRB1*01,MHCII,PKYVKQNTLKLAT,HA,InfluenzaA
CASSYRGSGNTIYF,HLA-A*02,B2M,MHCI,KLVALGINAV,NS3,HCV
CASSRTGTYEQYF,HLA-A*02:01,B2M,MHCI,GILGFVFTL,M,InfluenzaA
CASSLVSGDTQYF,HLA-B*07:02,B2M,MHCI,LPRRSGAAGA,NP,InfluenzaA
CASSEDGMNTEAFF,HLA-A*02,B2M,MHCI,NLVPMVATV,pp65,CMV
CASSEDGMNTEAFF,HLA-A*03:01,B2M,MHCI,KLGGALQAK,IE1,CMV
CASSLNRGSNQPQHF,HLA-DRA*01,HLA-DRB1*01,MHCII,DPFRLLQNSQVFS,NP,InfluenzaA
CASSGTGAYEQYF,HLA-A*02:01,B2M,MHCI,LLWNGPMAV,NS4B,YFV
CASSLGQGADTQYF,HLA-A*03:01,B2M,MHCI,KLGGALQAK,IE1,CMV
CASSLGTTSTDTQYF,HLA-A*03:01,B2M,MHCI,KLGGALQAK,IE1,CMV
CASSRQGGYGYTF,HLA-A*02:01,B2M,MHCI,LLWNGPMAV,NS4B,YFV
CSARDRVGNTIYF,HLA-A*02,B2M,MHCI,GLCTLVAML,BMLF1,EBV
CSARDRVGNTIYF,HLA-A*02:01,B2M,MHCI,GLCTLVAML,BMLF1,EBV
CSARLRDRGYEQYF,HLA-B*57:01,B2M,MHCI,KAFSPEVIPMF,Gag,HIV-1
CASSPGTGTYEQYF,HLA-A*02,B2M,MHCI,GILGFVFTL,M,InfluenzaA
CASSPGTGTYEQYF,HLA-A*02,B2M,MHCI,LLWNGPMAV,NS4B,YFV
CASSQETQYF,HLA-A*02,B2M,MHCI,KLVALGINAV,NS3,HCV
CASSQETQYF,HLA-A*03:01,B2M,MHCI,KLGGALQAK,IE1,CMV
CASSLGYGYTF,HLA-B*57,B2M,MHCI,QASQEVKNW,Gag,HIV-1
CASSLGYGYTF,HLA-A*03:01,B2M,MHCI,KLGGALQAK,IE1,CMV
CASSLGYGYTF,HLA-A*11:01,B2M,MHCI,AVFDRKSDAK,EBNA4,EBV
CASSRDSYEQYF,HLA-B*27,B2M,MHCI,KRWIILGLNK,Gag,HIV-1
CASSPRTATYEQYF,HLA-A*02:01,B2M,MHCI,YLQPRTFLL,Spike,SARS-CoV-2
CASSLGNYEQYF,HLA-A*02:01,B2M,MHCI,KLMNIQQKL,AKAP13,HomoSapiens
CASSLGNYEQYF,HLA-A*02,B2M,MHCI,VLEETSVML,IE1,CMV
CASSLGNYEQYF,HLA-B*07:02,B2M,MHCI,SPRWYFYYL,Nucleocapsid,SARS-CoV-2
CASRPGTSSYEQYF,HLA-B*35:08,B2M,MHCI,CPSQEPMSIYVY,pp65,CMV
CASSQGRGDTEAFF,HLA-A*01:01,B2M,MHCI,VTEHDTLLY,pp50,CMV
CASSLASDTQYF,HLA-B*42:01,B2M,MHCI,TPGPGVRYPL,Nef,HIV-1
CASSQQGYTEAFF,HLA-A*02,B2M,MHCI,NLVPMVATV,pp65,CMV
CASSLWSDSNQPQHF,HLA-A*03:01,B2M,MHCI,KLGGALQAK,IE1,CMV
CASSQEAGNTIYF,HLA-A*03:01,B2M,MHCI,KLGGALQAK,IE1,CMV
CASSIGYYGYTF,HLA-A*02,B2M,MHCI,GILGFVFTL,M,InfluenzaA
CASSIGYYGYTF,HLA-A*02:01,B2M,MHCI,GILGFVFTL,M,InfluenzaA
CASSQDRASYNEQFF,HLA-A*24:02,B2M,MHCI,VYSTGSNVF,Spike,SARS-CoV-2
CASSPFAGGTDTQYF,HLA-A*03:01,B2M,MHCI,KLGGALQAK,IE1,CMV
CASSLGLGQPQHF,HLA-A*02:01,B2M,MHCI,ELAGIGILTV,MLANA,HomoSapiens
CSARDRDRGYEQYF,HLA-B*07:02,B2M,MHCI,LPRRSGAAGA,NP,InfluenzaA
CSARDRDRGYEQYF,HLA-A*02,B2M,MHCI,MLNIPSINV,pp65,CMV
CSARDRDRGYEQYF,HLA-A*03:01,B2M,MHCI,KLGGALQAK,IE1,CMV
CASSLGRMNTEAFF,HLA-DRB1*03:01,HLA-DRA*01:01,MHCII,AALALLLLDRLNQLE,Nucleocapsid,SARS-CoV-2
CASSSGTGAYEQYF,HLA-A*03:01,B2M,MHCI,KLGGALQAK,IE1,CMV
CSVGTGGTNEKLFF,HLA-A*02,B2M,MHCI,GLCTLVAML,BMLF1,EBV
CSVGTGGTNEKLFF,HLA-A*02:01,B2M,MHCI,GLCTLVAML,BMLF1,EBV
CSVGTGGTNEKLFF,HLA-DRA*01,HLA-DRB1*01,MHCII,DPFRLLQNSQVFS,NP,InfluenzaA
CASSSGGSYNEQFF,HLA-A*03:01,B2M,MHCI,KLGGALQAK,IE1,CMV
CASSGTGYGYTF,HLA-B*57,B2M,MHCI,KAFSPEVIPMF,Gag,HIV-1
CASSLTGGTEAFF,HLA-A*11:01,B2M,MHCI,AVFDRKSDAK,EBNA4,EBV
CASSGTGELFF,HLA-A*03:01,B2M,MHCI,KLGGALQAK,IE1,CMV
CASSLGGASYEQYF,HLA-A*02:01,B2M,MHCI,LLWNGPMAV,NS4B,YFV
CASSLQSSGNTIYF,HLA-A*03:01,B2M,MHCI,KLGGALQAK,IE1,CMV
CSAVAVYNEQFF,HLA-A*02,B2M,MHCI,NLVPMVATV,pp65,CMV
CASSLQGNTEAFF,HLA-A*03:01,B2M,MHCI,KLGGALQAK,IE1,CMV
CASSLSSYEQYF,HLA-A*03:01,B2M,MHCI,KLGGALQAK,IE1,CMV
CASSSGLAADTQYF,HLA-B*07:02,B2M,MHCI,SPIFRIVAA,ORF7a,SARS-CoV-2
CASSPGTEAFF,HLA-A*02:01,B2M,MHCI,SLIYSTAAL,ORF1ab,SARS-CoV-2
CASSLHRGTEAFF,HLA-A*02,B2M,MHCI,LLWNGPMAV,NS4B,YFV
CASSPGGSSYEQYF,HLA-DRA*01,HLA-DRB1*01,MHCII,DPFRLLQNSQVFS,NP,InfluenzaA
CASSVNRGSNQPQHF,HLA-DRA*01,HLA-DRB1*01,MHCII,DPFRLLQNSQVFS,NP,InfluenzaA
CASSLTDTQYF,HLA-A*01:01,B2M,MHCI,VTEHDTLLY,pp50,CMV
CASSLTDTQYF,HLA-A*11:01,B2M,MHCI,AVFDRKSDAK,EBNA4,EBV
CASSLTDTQYF,HLA-B*08:01,B2M,MHCI,RAKFKQLL,BZLF1,EBV
CASSLLSTDTQYF,HLA-A*03:01,B2M,MHCI,KLGGALQAK,IE1,CMV
CASSSGGTEAFF,HLA-A*02,B2M,MHCI,NLVPMVATV,pp65,CMV
CASSSGGTEAFF,HLA-A*03:01,B2M,MHCI,KLGGALQAK,IE1,CMV
CATTGGNYGYTF,HLA-B*57:01,B2M,MHCI,KAFSPEVIPMF,Gag,HIV-1
CASSLGVNQPQHF,HLA-A*03:01,B2M,MHCI,KLGGALQAK,IE1,CMV
CASSLAGGNQPQHF,HLA-A*03:01,B2M,MHCI,KLGGALQAK,IE1,CMV
CASSLAGGGETQYF,HLA-A*02,B2M,MHCI,NLSALGIFST,IGF2BP2,HomoSapiens
CASSLAQETQYF,HLA-A*03:01,B2M,MHCI,KLGGALQAK,IE1,CMV
CASTRDTEAFF,HLA-A*02,B2M,MHCI,CINGVCWTV,NS3,HCV
CASSFLAGTDTQYF,HLA-B*08:01,B2M,MHCI,RAKFKQLL,BZLF1,EBV
CASSFLAGTDTQYF,HLA-A*02:01,B2M,MHCI,GLCTLVAML,BMLF1,EBV
CASSFLAGTDTQYF,HLA-A*03:01,B2M,MHCI,KLGGALQAK,IE1,CMV
CASSLGRNNQPQHF,HLA-B*07:02,B2M,MHCI,RIRGGDGKM,Nucleocapsid,SARS-CoV-2
CASSSGTGGTEAFF,HLA-A*03:01,B2M,MHCI,KLGGALQAK,IE1,CMV
CASSLAGAYEQYF,HLA-A*02:01,B2M,MHCI,FLPGVYSVI,ORF1ab,SARS-CoV-2
CASSPGTGELFF,HLA-B*27:05,B2M,MHCI,KRWIILGLNK,Gag,HIV-1
CASSPGTGELFF,HLA-A*11:01,B2M,MHCI,GTSGSPIVNR,NS3,DENV1
CASSLGQSYEQYF,HLA-A*02,B2M,MHCI,YLQPRTFLL,Spike,SARS-CoV-2
CASSGLNEQFF,HLA-A*02:01,B2M,MHCI,GILGFVFTL,M,InfluenzaA
CASSLIGNTGELFF,HLA-A*01:01,B2M,MHCI,ATDALMTGF,NS3,HCV
CASSSDTGELFF,HLA-A*24:02,B2M,MHCI,CYTWNQMNL,WT1,HomoSapiens
CASSLGLAVDEQYF,HLA-A*03:01,B2M,MHCI,KLGGALQAK,IE1,CMV
CASSPTTGGRNEKLFF,HLA-A*03:01,B2M,MHCI,KLGGALQAK,IE1,CMV
CASSLAGVTEAFF,HLA-A*03:01,B2M,MHCI,KLGGALQAK,IE1,CMV
CATRLNTEAFF,HLA-A*03:01,B2M,MHCI,KLGGALQAK,IE1,CMV
CASSQGSEAFF,HLA-A*02:01,B2M,MHCI,GILGFVFTL,M,InfluenzaA
CATSRDRANYGYTF,HLA-A*02,B2M,MHCI,NLVPMVATV,pp65,CMV
CASSGGVNTEAFF,HLA-A*03:01,B2M,MHCI,KLGGALQAK,IE1,CMV
CASSLAQGLTYEQYF,HLA-A*02,B2M,MHCI,NLVPMVATV,pp65,CMV
CAWSVGGGGYGYTF,HLA-A*02:01,B2M,MHCI,GILGFVFTL,M,InfluenzaA
CASSPGLASYNEQFF,HLA-A*02,B2M,MHCI,LLLGIGILV,BST2,HomoSapiens
CASSVAGGPTDTQYF,HLA-A*03:01,B2M,MHCI,KLGGALQAK,IE1,CMV
CASSPTGGYGYTF,HLA-A*03:01,B2M,MHCI,KLGGALQAK,IE1,CMV
CASSLGRGYEQYF,HLA-A*02,B2M,MHCI,GLCTLVAML,BMLF1,EBV
CASSLGQGGTEAFF,HLA-A*03:01,B2M,MHCI,KLGGALQAK,IE1,CMV
CASSLGQGGTEAFF,HLA-A*11:01,B2M,MHCI,AVFDRKSDAK,EBNA4,EBV
CASSLAGGYGYTF,HLA-A*02,B2M,MHCI,NLSALGIFST,IGF2BP2,HomoSapiens
CASSFGGNTEAFF,HLA-A*02,B2M,MHCI,ELAGIGILTV,MLANA,HomoSapiens
CASSFGGNTEAFF,HLA-A*02,B2M,MHCI,NLVPMVATV,pp65,CMV
CASSQGAYGYTF,HLA-A*02,B2M,MHCI,GILGFVFTL,M,InfluenzaA
CASSQGAYGYTF,HLA-A*02:01,B2M,MHCI,GILGFVFTL,M,InfluenzaA
CASSQDYYGYTF,HLA-DRA*01,HLA-DRB1*01,MHCII,GLIYNRMGAVTTEV,M1,InfluenzaA
CASSPVTGELFF,HLA-A*03:01,B2M,MHCI,KLGGALQAK,IE1,CMV
CASSIGGGNQPQHF,HLA-A*02:01,B2M,MHCI,GILGFVFTL,M,InfluenzaA
CASSLTGGSYEQYF,HLA-A*03:01,B2M,MHCI,KLGGALQAK,IE1,CMV
CASSLVGDSYNEQFF,HLA-A*02:01,B2M,MHCI,ALSKGVHFV,ORF3,SARS-CoV-2
CASSPRTDTQYF,HLA-B*27,B2M,MHCI,KRWIILGLNK,Gag,HIV-1
CASGDTNTGELFF,HLA-A*02:01,B2M,MHCI,YLQPRTFLL,Spike,SARS-CoV-2
CASSYSGNTEAFF,HLA-B*07:02,B2M,MHCI,TPRVTGGGAM,pp65,CMV
CASSFEGEQYF,HLA-A*02:01,B2M,MHCI,RTLNAWVKV,Gag,HIV-1
CASSFEGEQYF,HLA-A*03:01,B2M,MHCI,KLGGALQAK,IE1,CMV
CASSQSPGGIQYF,HLA-A*02,B2M,MHCI,GLCTLVAML,BMLF1,EBV
CASSQSPGGIQYF,HLA-A*02:01,B2M,MHCI,GLCTLVAML,BMLF1,EBV
CASSQSPGGIQYF,HLA-B*07:02,B2M,MHCI,LPRRSGAAGA,NP,InfluenzaA
CASSWTGSYNEQFF,HLA-A*03:01,B2M,MHCI,KLGGALQAK,IE1,CMV
CASSLGNTEAFF,HLA-A*02:01,B2M,MHCI,GLCTLVAML,BMLF1,EBV
CASSLGNTEAFF,HLA-A*11:01,B2M,MHCI,AVFDRKSDAK,EBNA4,EBV
CASSLGNTEAFF,HLA-A*03:01,B2M,MHCI,KLGGALQAK,IE1,CMV
CASSLAGPNTEAFF,HLA-A*03:01,B2M,MHCI,KLGGALQAK,IE1,CMV
CASSQISNQPQHF,HLA-A*02,B2M,MHCI,GILGFVFTL,M,InfluenzaA
CASSPGQGTDTQYF,HLA-B*44,B2M,MHCI,NEGVKAAW,IE2,CMV
CASSQTYEQYF,HLA-A*02:01,B2M,MHCI,GILGFVFTL,M,InfluenzaA
CASSYGREAFF,HLA-A*02:01,B2M,MHCI,GLCTLVAML,BMLF1,EBV
CASSPSGVYNEQFF,HLA-A*02:01,B2M,MHCI,FLAHIQWMV,ORF1ab,SARS-CoV-2
CASSLTPGLSYEQYF,HLA-A*02,B2M,MHCI,ELAGIGILTV,MLANA,HomoSapiens
CASSLGSSYEQYF,HLA-A*02:01,B2M,MHCI,YLEPGPVTA,gp100,HomoSapiens
CASSFGGGTDTQYF,HLA-A*02,B2M,MHCI,NLVPMVATV,pp65,CMV
CASSGGVTEAFF,HLA-A*03:01,B2M,MHCI,KLGGALQAK,IE1,CMV
CASSGSGNTIYF,HLA-A*02,B2M,MHCI,NLVPMVATV,pp65,CMV
CASSLAPSYEQYF,HLA-B*08:01,B2M,MHCI,RAKFKQLL,BZLF1,EBV
CASSPTSGGYEQYF,HLA-A*02,B2M,MHCI,ELAGIGILTV,MLANA,HomoSapiens
CASSPTSGGYEQYF,HLA-A*02:01,B2M,MHCI,GLCTLVAML,BMLF1,EBV
CASSPRGTGELFF,HLA-A*11:01,B2M,MHCI,AVFDRKSDAK,EBNA4,EBV
CASSFGQGSTEAFF,HLA-A*02,B2M,MHCI,GILGFVFTL,M,InfluenzaA
CASSLLAGGGYNEQFF,HLA-A*03:01,B2M,MHCI,KLGGALQAK,IE1,CMV
CASRTSGNEQFF,HLA-A*03:01,B2M,MHCI,KLGGALQAK,IE1,CMV
CASRTSGNEQFF,HLA-A*11:01,B2M,MHCI,IVTDFSVIK,EBNA4,EBV
CSAPSGTSTDTQYF,HLA-A*02,B2M,MHCI,NLVPMVATV,pp65,CMV
CASSLGQLEAFF,HLA-B*44,B2M,MHCI,NEGVKAAW,IE2,CMV
CASSFGGRNTEAFF,HLA-A*03:01,B2M,MHCI,KLGGALQAK,IE1,CMV
CASSLEGQASSYEQYF,HLA-A*02,B2M,MHCI,GLCTLVAML,BMLF1,EBV
CASSLGQNYGYTF,HLA-A*03:01,B2M,MHCI,KLGGALQAK,IE1,CMV
CASSQGNQPQHF,HLA-A*02,B2M,MHCI,NLVPMVATV,pp65,CMV
CASSERGLEGYTF,HLA-A*03:01,B2M,MHCI,KLGGALQAK,IE1,CMV
CASSLAGNPYEQYF,HLA-A*03:01,B2M,MHCI,KLGGALQAK,IE1,CMV
CASSHSYEQYF,HLA-A*02,B2M,MHCI,ELAGIGILTV,MLANA,HomoSapiens
CASSLGPGEAFF,HLA-B*81:01,B2M,MHCI,TPQDLNTML,Gag,HIV-1
CASSPQGAYGYTF,HLA-A*02:01,B2M,MHCI,LLWNGPMAV,NS4B,YFV
CASSLGASTDTQYF,HLA-B*07:02,B2M,MHCI,RPPIFIRRL,EBNA3A,EBV
CASSLGASTDTQYF,HLA-B*44,B2M,MHCI,NEGVKAAW,IE2,CMV
CASSYSEVYGYTF,HLA-A*02,B2M,MHCI,NLVPMVATV,pp65,CMV
CASSSSMNTEAFF,HLA-A*03:01,B2M,MHCI,KLGGALQAK,IE1,CMV
CASSQGSNQPQHF,HLA-B*08:01,B2M,MHCI,RAKFKQLL,BZLF1,EBV
CASSQRASYEQYF,HLA-A*02,B2M,MHCI,GILGFVFTL,M,InfluenzaA
CASSQRASYEQYF,HLA-A*02:01,B2M,MHCI,GILGFVFTL,M,InfluenzaA
CASSLAETQYF,HLA-A*03:01,B2M,MHCI,KLGGALQAK,IE1,CMV
CASSLNEQFF,HLA-A*03:01,B2M,MHCI,KLGGALQAK,IE1,CMV
CASRGYSNQPQHF,HLA-A*03:01,B2M,MHCI,KLGGALQAK,IE1,CMV
CASSLEPNYGYTF,HLA-A*02,B2M,MHCI,NLVPMVATV,pp65,CMV
CASSQGTESYEQYF,HLA-A*02,B2M,MHCI,NLVPMVATV,pp65,CMV
CSVVGTGGPETQYF,HLA-B*07:02,B2M,MHCI,SPRWYFYYL,Nucleocapsid,SARS-CoV-2
CASSWLSNQPQHF,HLA-A*02,B2M,MHCI,GILGFVFTL,M,InfluenzaA
CASSWLSNQPQHF,HLA-A*02:01,B2M,MHCI,GLCTLVAML,BMLF1,EBV
CASSWLSNQPQHF,HLA-A*02:01,B2M,MHCI,GILGFVFTL,M,InfluenzaA
CASSWLSNQPQHF,HLA-B*08:01,B2M,MHCI,RAKFKQLL,BZLF1,EBV
CASSLVGSSYEQYF,HLA-A*02,B2M,MHCI,ELAGIGILTV,MLANA,HomoSapiens
CASSLVGSSYEQYF,HLA-A*02,B2M,MHCI,NLVPMVATV,pp65,CMV
CASSFRGDTEAFF,HLA-A*02,B2M,MHCI,MLNIPSINV,pp65,CMV
CASSLAGQLYGYTF,HLA-A*03:01,B2M,MHCI,KLGGALQAK,IE1,CMV
CASSLRQGADTQYF,HLA-A*01:01,B2M,MHCI,TTDPSFLGRY,NSP3,SARS-CoV-2
CASSGQGAYEQYF,HLA-A*02:01,B2M,MHCI,LLWNGPMAV,NS4B,YFV
CASRPGQGDTQYF,HLA-A*02,B2M,MHCI,NLVPMVATV,pp65,CMV
CASSLAGYNEQFF,HLA-A*03:01,B2M,MHCI,KLGGALQAK,IE1,CMV
CASSLAGYNEQFF,HLA-A*11:01,B2M,MHCI,AVFDRKSDAK,EBNA4,EBV
CASSLGTSAYEQYF,HLA-B*27:05,B2M,MHCI,KRWIILGLNK,Gag,HIV-1
CASSLGTEAFF,HLA-A*02,B2M,MHCI,NLVPMVATV,pp65,CMV
CASSQGTDTQYF,HLA-A*03:01,B2M,MHCI,KLGGALQAK,IE1,CMV
CASSLGGSNYEQYF,HLA-A*02,B2M,MHCI,ELAGIGILTV,MLANA,HomoSapiens
CASRSSGNTIYF,HLA-A*03:01,B2M,MHCI,KLGGALQAK,IE1,CMV
CASSLKETQYF,HLA-A*03:01,B2M,MHCI,KLGGALQAK,IE1,CMV
CASSLTGDTEAFF,HLA-A*03:01,B2M,MHCI,KLGGALQAK,IE1,CMV
CASSSGSSYEQYF,HLA-A*03:01,B2M,MHCI,KLGGALQAK,IE1,CMV
CASSFLGEKLFF,HLA-A*02:01,B2M,MHCI,VMVELVAEL,ORF1ab,SARS-CoV-2
CATSGTVYGYTF,HLA-A*03:01,B2M,MHCI,RLRAEAQVK,EBNA3A,EBV
CASSVGTSSYEQYF,HLA-A*02,B2M,MHCI,LLWNGPMAV,NS4B,YFV
CASSVGTSSYEQYF,HLA-A*02:01,B2M,MHCI,FVCDNIKFA,ORF1ab,SARS-CoV-2
CASSLGVNTEAFF,HLA-A*02,B2M,MHCI,NLVPMVATV,pp65,CMV
CASSLGVNTEAFF,HLA-A*68:01,B2M,MHCI,DATYQRTRALVR,NP,InfluenzaA
CASSLAGSYEQYF,HLA-B*08:01,B2M,MHCI,RAKFKQLL,BZLF1,EBV
CASSQGGYGYTF,HLA-A*02:01,B2M,MHCI,LLWNGPMAV,NS4B,YFV
CASSQGGYGYTF,HLA-A*03:01,B2M,MHCI,KLGGALQAK,IE1,CMV
CASSFGGTEAFF,HLA-B*57,B2M,MHCI,KAFSPEVIPMF,Gag,HIV-1
CASSGGTGELFF,HLA-A*02,B2M,MHCI,NLVPMVATV,pp65,CMV
CASSMGFGQPQHF,HLA-A*02,B2M,MHCI,LLLGIGILV,BST2,HomoSapiens
CASSLGRAYGYTF,HLA-A*03:01,B2M,MHCI,KLGGALQAK,IE1,CMV
CATSRNRGDGYTF,HLA-A*02:01,B2M,MHCI,YVVDDPCPI,ORF8,SARS-CoV-2
CASSQGSNEKLFF,HLA-A*03:01,B2M,MHCI,KLGGALQAK,IE1,CMV
CASSLGSYGYTF,HLA-A*02,B2M,MHCI,LLLGIGILV,BST2,HomoSapiens
CASSLGSYGYTF,HLA-A*02:01,B2M,MHCI,GILGFVFTL,M,InfluenzaA
CASSYSGRNTEAFF,HLA-DRA*01,HLA-DRB1*01,MHCII,GLIYNRMGAVTTEV,M1,InfluenzaA
CASSEAQGYEQYF,HLA-A*24:02,B2M,MHCI,NYNYLYRLF,Spike,SARS-CoV-2
CASSFGTGAYEQYF,HLA-A*03:01,B2M,MHCI,KLGGALQAK,IE1,CMV
CASSVGGDYGYTF,HLA-A*03:01,B2M,MHCI,KLGGALQAK,IE1,CMV
CASSLGGTEAFF,HLA-A*02:01,B2M,MHCI,LLYDANYFL,ORF3,SARS-CoV-2
CASSLGGTEAFF,HLA-A*02,B2M,MHCI,NLVPMVATV,pp65,CMV
CASSLGGTEAFF,HLA-B*57:01,B2M,MHCI,KSKRTPMGF,NS5B,HCV
CASSLGGTEAFF,HLA-A*03:01,B2M,MHCI,KLGGALQAK,IE1,CMV
CASSLGGTEAFF,HLA-B*57,B2M,MHCI,TSTLQEQIGW,Gag,HIV
CASSLGETQYF,HLA-DRA1*01,HLA-DRB1*15,MHCII,LLQTGIHVRVSQPSL,pp65,CMV
CASSLGETQYF,HLA-A*02,B2M,MHCI,NLVPMVATV,pp65,CMV
CASSLGETQYF,HLA-A*02:01,B2M,MHCI,ELAGIGILTV,MLANA,HomoSapiens
CASSLGETQYF,HLA-A*03:01,B2M,MHCI,KLGGALQAK,IE1,CMV
CASSLGETQYF,HLA-A*02,B2M,MHCI,NLSALGIFST,IGF2BP2,HomoSapiens
CASSLGGSNQPQHF,HLA-A*03:01,B2M,MHCI,KLGGALQAK,IE1,CMV
CASSLGGSNQPQHF,HLA-A*11:01,B2M,MHCI,AVFDRKSDAK,EBNA4,EBV
CASSVRGNEQFF,HLA-A*24:02,B2M,MHCI,SFHSLHLLF,Tax,HTLV-1
CASSLFEETQYF,HLA-A*02,B2M,MHCI,GILGFVFTL,M,InfluenzaA
CASSLGLAGAGELFF,HLA-A*01:01,B2M,MHCI,YANRNRFLY,Matrix,SARS-CoV-2
CASSGGTGGTEAFF,HLA-A*03:01,B2M,MHCI,KLGGALQAK,IE1,CMV
CASSSPGQTYEQYF,HLA-A*02,B2M,MHCI,NLVPMVATV,pp65,CMV
CASSSGEKLFF,HLA-A*03:01,B2M,MHCI,KLGGALQAK,IE1,CMV
CASSSTGGGGYTF,HLA-A*03:01,B2M,MHCI,KLGGALQAK,IE1,CMV
CASSLGGELFF,HLA-A*02,B2M,MHCI,ELAGIGILTV,MLANA,HomoSapiens
CASSVDRGNQPQHF,HLA-A*03:01,B2M,MHCI,KLGGALQAK,IE1,CMV
CASSPGLAGDEQFF,HLA-A*03:01,B2M,MHCI,KLGGALQAK,IE1,CMV
CASSLQGNYGYTF,HLA-A*02:01,B2M,MHCI,GILGFVFTL,M,InfluenzaA
CASSLEGSTDTQYF,HLA-A*01:01,B2M,MHCI,VTEHDTLLY,pp50,CMV
CASSLQGSNQPQHF,HLA-A*02:01,B2M,MHCI,YVLDHLIVV,BRLF1,EBV
CASSPGNSGNTIYF,HLA-A*02,B2M,MHCI,ELAGIGILTV,MLANA,HomoSapiens
CASSQGGRGYNEQFF,HLA-A*03:01,B2M,MHCI,KLGGALQAK,IE1,CMV
CASSLGADNEQFF,HLA-A*02,B2M,MHCI,GILGFVFTL,M,InfluenzaA
CASSLGGWNTEAFF,HLA-A*02,B2M,MHCI,NLVPMVATV,pp65,CMV
CASSLDLYEQYF,HLA-A*02:01,B2M,MHCI,AMFWSVPTV,TKT,HomoSapiens
CASSFGVGTEAFF,HLA-A*03:01,B2M,MHCI,KLGGALQAK,IE1,CMV
CASSGGYEQYF,HLA-A*02:01,B2M,MHCI,YLQPRTFLL,Spike,SARS-CoV-2
CASSPSSYEQYF,HLA-A*03:01,B2M,MHCI,KLGGALQAK,IE1,CMV
CASSPSSYEQYF,HLA-A*11:01,B2M,MHCI,AVFDRKSDAK,EBNA4,EBV
CASSPSSYEQYF,HLA-B*07:02,B2M,MHCI,IPTITQMNL,ORF1ab,SARS-CoV-2
CASSLNTEAFF,HLA-A*02:01,B2M,MHCI,GILGFVFTL,M,InfluenzaA
CASSLNTEAFF,HLA-A*11:01,B2M,MHCI,AVFDRKSDAK,EBNA4,EBV
CASSLNTEAFF,HLA-A*03:01,B2M,MHCI,KLGGALQAK,IE1,CMV
CASSRRGSDEQFF,HLA-A*02,B2M,MHCI,GILGFVFTL,M,InfluenzaA
CASSPRSNQPQHF,HLA-A*02,B2M,MHCI,GILGFVFTL,M,InfluenzaA
CASSPRSNQPQHF,HLA-A*02:01,B2M,MHCI,GILGFVFTL,M,InfluenzaA
CASSSTGGYEQYF,HLA-A*03:01,B2M,MHCI,KLGGALQAK,IE1,CMV
CASSSYNEQFF,HLA-A*02:01,B2M,MHCI,CINGVCWTV,NS3,HCV
CASSLGYEQYF,HLA-A*02,B2M,MHCI,ELAGIGILTV,MLANA,HomoSapiens
CASSLGYEQYF,HLA-A*02,B2M,MHCI,YLQPRTFLL,Spike,SARS-CoV-2
CASSLGYEQYF,HLA-A*03:01,B2M,MHCI,KLGGALQAK,IE1,CMV
CASSLGYEQYF,HLA-A*11:01,B2M,MHCI,AVFDRKSDAK,EBNA4,EBV
CASSLGYEQYF,HLA-A*11:01,B2M,MHCI,IVTDFSVIK,EBNA4,EBV
CASSLAGNYGYTF,HLA-A*02:01,B2M,MHCI,GILGFVFTL,M,InfluenzaA
CASSLAGNYGYTF,HLA-A*03:01,B2M,MHCI,KLGGALQAK,IE1,CMV
CASSLAGSSYEQYF,HLA-A*02,B2M,MHCI,LLWNGPMAV,NS4B,YFV
CASSFGQGNTGELFF,HLA-A*02,B2M,MHCI,NLVPMVATV,pp65,CMV
CASSLASGTEAFF,HLA-A*03:01,B2M,MHCI,KLGGALQAK,IE1,CMV
CASSETSGGTDTQYF,HLA-A*02,B2M,MHCI,GILGFVFTL,M,InfluenzaA
CASSLALSYEQYF,HLA-A*11:01,B2M,MHCI,IVTDFSVIK,EBNA4,EBV
CASSFRSSYEQYF,HLA-A*02,B2M,MHCI,GILGFVFTL,M,InfluenzaA
CASSFRSSYEQYF,HLA-A*02:01,B2M,MHCI,GILGFVFTL,M,InfluenzaA
CASRRGPYEQYF,HLA-A*02:01:48,B2M,MHCI,KLVALVINAV,NS3,HCV
CASRRGPYEQYF,HLA-A*02:01:48,B2M,MHCI,KLVALGINAV,NS3,HCV
CASSFAGGSYNEQFF,HLA-A*03:01,B2M,MHCI,RLRAEAQVK,EBNA3A,EBV
CASSFAGGSYNEQFF,HLA-A*11:01,B2M,MHCI,AVFDRKSDAK,EBNA4,EBV
CASSLAGAGELFF,HLA-B*07:02,B2M,MHCI,SPRWYFYYL,Nucleocapsid,SARS-CoV-2
CASSLWNTGELFF,HLA-B*07:02,B2M,MHCI,SPRWYFYYL,Nucleocapsid,SARS-CoV-2
CASSRDRDYGYTF,HLA-B*08:01,B2M,MHCI,RAKFKQLL,BZLF1,EBV
CASSLGPTGELFF,HLA-A*02,B2M,MHCI,GILGFVFTL,M,InfluenzaA
CASSLGNEQFF,HLA-A*02,B2M,MHCI,NLVPMVATV,pp65,CMV
CASSLGNEQFF,HLA-A*02,B2M,MHCI,GILGFVFTL,M,InfluenzaA
CASSLGNEQFF,HLA-A*03:01,B2M,MHCI,KLGGALQAK,IE1,CMV
CASSLDASLNEQFF,HLA-A*03:01,B2M,MHCI,KLGGALQAK,IE1,CMV
CASSYGEKLFF,HLA-A*03:01,B2M,MHCI,KLGGALQAK,IE1,CMV
CASSSGPYNEQFF,HLA-A*02,B2M,MHCI,NLVPMVATV,pp65,CMV
CASSLGISYEQYF,HLA-A*02,B2M,MHCI,NLVPMVATV,pp65,CMV
CASSPTGGNQPQHF,HLA-A*02,B2M,MHCI,NLVPMVATV,pp65,CMV
CASSLNPNTEAFF,HLA-B*07:02,B2M,MHCI,SPRWYFYYL,Nucleocapsid,SARS-CoV-2
CASSLGQAYEQYF,HLA-B*08:01:29,B2M,MHCI,FLRGRAYGL,EBNA3A,EBV
CASSLGQAYEQYF,HLA-B*44:05:01,B2M,MHCI,EEYLKAWTF,MLANA,HomoSapiens
CASSLGQAYEQYF,HLA-B*44:05:01,B2M,MHCI,EEYLQAFTY,ABCD3,HomoSapiens
CASSLGQAYEQYF,HLA-B*08:01,B2M,MHCI,FLRGRAYGL,EBNA3A,EBV
CASSLGQAYEQYF,HLA-A*02:01,B2M,MHCI,GLCTLVAML,BMLF1,EBV
CASSLGQAYEQYF,HLA-A*01:01,B2M,MHCI,TTDPSFLGRY,NSP3,SARS-CoV-2
CASSSRSSYEQYF,HLA-A*02:01:48,B2M,MHCI,GILGFVFTL,M,InfluenzaA
CASSSRSSYEQYF,HLA-DRA*01:02:03,HLA-DRB1*01:01:01,MHCII,PKYVKQNTLKLAT,HA,InfluenzaA
CASSSRSSYEQYF,HLA-A*02:266,B2M,MHCI,GILGLVFTL,M1-F5L,synthetic
CASSSRSSYEQYF,HLA-A*02:01,B2M,MHCI,GILGFVFTL,M,InfluenzaA
CASSSRSSYEQYF,HLA-A*02,B2M,MHCI,GILGFVFTL,M,InfluenzaA
CASSLGSSSYNEQFF,HLA-A*03:01,B2M,MHCI,KLGGALQAK,IE1,CMV
CASSLTGTEAFF,HLA-B*35:01,B2M,MHCI,IPSINVHHY,pp65,CMV
CASSLTGTEAFF,HLA-A*03:01,B2M,MHCI,KLGGALQAK,IE1,CMV
CASSLGVSSYNEQFF,HLA-A*11:01,B2M,MHCI,AVFDRKSDAK,EBNA4,EBV
CASSLDRAYEQYF,HLA-A*02,B2M,MHCI,NLVPMVATV,pp65,CMV
CASSESNTGELFF,HLA-A*02,B2M,MHCI,YLQPRTFLL,Spike,SARS-CoV-2
CASSGLAGGYNEQFF,HLA-B*07:02,B2M,MHCI,SPRWYFYYL,Nucleocapsid,SARS-CoV-2
CSARLAGGYEQYF,HLA-A*01:01,B2M,MHCI,DTDFVNEFY,RNP,SARS-CoV-2
CASRTGLASTDTQYF,HLA-A*11:01,B2M,MHCI,IVTDFSVIK,EBNA4,EBV
CASRTGLASTDTQYF,HLA-A*11:01,B2M,MHCI,AVFDRKSDAK,EBNA4,EBV
CASRTGLASTDTQYF,HLA-B*08:01,B2M,MHCI,ELRRKMMYM,IE1,CMV
CASRTGLASTDTQYF,HLA-A*03:01,B2M,MHCI,KLGGALQAK,IE1,CMV
CASRTGLASTDTQYF,HLA-A*02:01,B2M,MHCI,SLFNTVATLY,Gag,HIV-1
CASRTGLASTDTQYF,HLA-A*02:01,B2M,MHCI,FLASKIGRLV,PLA2G6,HomoSapiens
CASSPGTAYEQYF,HLA-A*02:01,B2M,MHCI,LLWNGPMAV,NS4B,YFV
CASSLGQGNSPLHF,HLA-A*02:01,B2M,MHCI,NLVPMVATV,pp65,CMV
CASSLGQGNSPLHF,HLA-A*03:01,B2M,MHCI,KLGGALQAK,IE1,CMV
CASSRDTEAFF,HLA-A*03:01,B2M,MHCI,KLGGALQAK,IE1,CMV
CASSFGLYEQYF,HLA-A*02,B2M,MHCI,GILGFVFTL,M,InfluenzaA
CASSLGTSYEQYF,HLA-A*11:01,B2M,MHCI,AVFDRKSDAK,EBNA4,EBV
CASSLGTSYEQYF,HLA-A*03:01,B2M,MHCI,KLGGALQAK,IE1,CMV
CASSLGTSYEQYF,HLA-A*02:01,B2M,MHCI,GILGFVFTL,M,InfluenzaA
CASSQQGLGQPQHF,HLA-A*02:01,B2M,MHCI,EAAGIGILTV,MLANA,HomoSapiens
CASSQQGLGQPQHF,HLA-A*02:01,B2M,MHCI,ELAGIGILTV,MLANA,HomoSapiens
CASSLARTDTQYF,HLA-A*03:01,B2M,MHCI,KLGGALQAK,IE1,CMV
CASSLGSSNYGYTF,HLA-A*03:01,B2M,MHCI,KLGGALQAK,IE1,CMV
CASSLGSSNYGYTF,HLA-A*11:01,B2M,MHCI,AVFDRKSDAK,EBNA4,EBV
CASSLGGEQYF,HLA-A*02:01,B2M,MHCI,TMADLVYAL,ORF1ab,SARS-CoV-2
CASSLGQGAYEQYF,HLA-A*11:01,B2M,MHCI,GTSGSPIVNR,NS3,DENV1
CASSLGQGAYEQYF,HLA-A*11:01,B2M,MHCI,GTSGSPIINR,NS3,DENV3/4
CASSPGTSGAYEQYF,HLA-A*02:01,B2M,MHCI,LLWNGPMAV,NS4B,YFV
CASSPGTSGAYEQYF,HLA-DRA*01:01,HLA-DRB1*04:01,MHCII,PKYVKQNTLKLAT,HA,InfluenzaA
CAWSGDSYEQYF,HLA-A*02,B2M,MHCI,NLVPMVATV,pp65,CMV
CASSPTGSSYEQYF,HLA-A*11:01,B2M,MHCI,IVTDFSVIK,EBNA4,EBV
CASSYRDSYEQYF,HLA-A*02:01,B2M,MHCI,GLCTLVAML,BMLF1,EBV
CASSQGSSGNTIYF,HLA-A*03:01,B2M,MHCI,KLGGALQAK,IE1,CMV
CASSPFATNEKLFF,HLA-A*03:01,B2M,MHCI,KLGGALQAK,IE1,CMV
CASSLGLAGVNEQFF,HLA-A*03:01,B2M,MHCI,KLGGALQAK,IE1,CMV
CASSLGGSTDTQYF,HLA-DQA1*05:01,HLA-DQB1*02:01,MHCII,LQPFPQPELPYPQPQ,Gliadin,TriticumAestivum
CASSLGGSTDTQYF,HLA-A*02,B2M,MHCI,NLVPMVATV,pp65,CMV
CASSQGWGADTQYF,HLA-A*03:01,B2M,MHCI,RLRPGGKKR,Gag,HIV-1
CASSLGATYEQYF,HLA-B*27,B2M,MHCI,KRWIILGLNK,Gag,HIV-1
CASSISYEQYF,HLA-B*57:01,B2M,MHCI,KAFSPEVIPMF,Gag,HIV-1
CASSLSAAYEQYF,HLA-A*02:01,B2M,MHCI,MMILSDDAV,ORF1ab,SARS-CoV-2
CASSPPSSYEQYF,HLA-A*02,B2M,MHCI,NLVPMVATV,pp65,CMV
CASSPPSSYEQYF,HLA-A*03:01,B2M,MHCI,KLGGALQAK,IE1,CMV
CASSPGTGPYEQYF,HLA-A*03:01,B2M,MHCI,RLRAEAQVK,EBNA3A,EBV
CASSLGSAEAFF,HLA-A*11:01,B2M,MHCI,GTSGSPIVNR,NS3,DENV1
CASSLGSAEAFF,HLA-A*11:01,B2M,MHCI,AVFDRKSDAK,EBNA4,EBV
CASSLGSAEAFF,HLA-A*03:01,B2M,MHCI,KLGGALQAK,IE1,CMV
CASSLGSAEAFF,HLA-A*03:01,B2M,MHCI,RLRAEAQVK,EBNA3A,EBV
CASSLSGYYEQYF,HLA-A*03:01,B2M,MHCI,KLGGALQAK,IE1,CMV
CASSERGPNYGYTF,HLA-A*02,B2M,MHCI,NLVPMVATV,pp65,CMV
CASSLGQGRNEQFF,HLA-A*02,B2M,MHCI,NLVPMVATV,pp65,CMV
CASSLGQGRNEQFF,HLA-A*03:01,B2M,MHCI,KLGGALQAK,IE1,CMV
CASSAGTGAYEQYF,HLA-A*02:01,B2M,MHCI,LLWNGPMAV,NS4B,YFV
CASSAGTGAYEQYF,HLA-A*02,B2M,MHCI,LLWNGPMAV,NS4B,YFV
CASSLMGTEAFF,HLA-A*01:01,B2M,MHCI,LSFKELLVY,ORF1ab,SARS-CoV-2
CASSLDRETQYF,HLA-B*08,B2M,MHCI,EIYKRWII,Gag,HIV-1
CASSLSYEQYF,HLA-B*57,B2M,MHCI,KAFSPEVIPMF,Gag,HIV-1
CASSLSYEQYF,HLA-B*57,B2M,MHCI,HTQGYFPD,Nef,HIV
CASRGLAGSYEQYF,HLA-A*03:01,B2M,MHCI,KLGGALQAK,IE1,CMV
CASSIGTPSGNTIYF,HLA-A*02:01,B2M,MHCI,FSASTSAFV,ORF1ab,SARS-CoV-2
CASSEGGETQYF,HLA-A*01:01,B2M,MHCI,TCDGTTFTY,ORF1ab,SARS-CoV-2
CASSLSSNQPQHF,HLA-A*03:01,B2M,MHCI,KLGGALQAK,IE1,CMV
CASSLQGGGNQPQHF,HLA-DRB1*03:01,HLA-DRA*01:01,MHCII,RISNCVADYSVLYNS,Spike,SARS-CoV-2
CASSLQGGGNQPQHF,HLA-DRB1*04:05,HLA-DRA*01:01,MHCII,HWFVTQRNFYEPQII,Spike,SARS-CoV-2
CASSIGLFGYTF,HLA-A*02:01,B2M,MHCI,GILGFVFTL,M,InfluenzaA
CASSVVSTDTQYF,HLA-A*02,B2M,MHCI,GILGFVFTL,M,InfluenzaA
CASSGTSSPYEQYF,HLA-A*02:01,B2M,MHCI,GLCTLVAML,BMLF1,EBV
CASSLAANYGYTF,HLA-A*03:01,B2M,MHCI,KLGGALQAK,IE1,CMV
CASSLDGGETQYF,HLA-A*02,B2M,MHCI,ILKEPVHGV,Pol,HIV-1
CAWSVTNTGELFF,HLA-A*03:01,B2M,MHCI,KLGGALQAK,IE1,CMV
CAWSVRENTEAFF,HLA-A*03:01,B2M,MHCI,KLGGALQAK,IE1,CMV
CASSLAGGRTQETQYF,HLA-A*02:01,B2M,MHCI,CINGVCWTV,NS3,HCV
CASSRLAGGDEQFF,HLA-A*02,B2M,MHCI,NLSALGIFST,IGF2BP2,HomoSapiens
CASSLVGQGSYEQYF,HLA-A*02:01,B2M,MHCI,GLCTLVAML,BMLF1,EBV
CASRQNYGYTF,HLA-DRA*01,HLA-DRB1*01,MHCII,DPFRLLQNSQVFS,NP,InfluenzaA
CASSLTSGNTGELFF,HLA-A*03:01,B2M,MHCI,KLGGALQAK,IE1,CMV
CASSSDGYEQYF,HLA-A*02,B2M,MHCI,NLVPMVATV,pp65,CMV
CASSSDGYEQYF,HLA-A*03:01,B2M,MHCI,KLGGALQAK,IE1,CMV
CASSPGGHQPQHF,HLA-A*03:01,B2M,MHCI,KLGGALQAK,IE1,CMV
CASSPHQETQYF,HLA-A*02,B2M,MHCI,NLVPMVATV,pp65,CMV
CASSLGQGSTEAFF,HLA-B*27,B2M,MHCI,KRWIILGLNK,Gag,HIV-1
CASSPTGAGQPQHF,HLA-A*02:01,B2M,MHCI,FLYNLLTRV,SEC24A,HomoSapiens
CASSPGLAGGEQFF,HLA-A*02:01,B2M,MHCI,ELAGIGILTV,MLANA,HomoSapiens
CASSSQRNTGELFF,HLA-A*03:01,B2M,MHCI,KLGGALQAK,IE1,CMV
CASSSGNTEAFF,HLA-A*02,B2M,MHCI,GILGFVFTL,M,InfluenzaA
CASSSGNTEAFF,HLA-A*02:01,B2M,MHCI,YVLDHLIVV,BRLF1,EBV
CASSSGNTEAFF,HLA-A*03:01,B2M,MHCI,KLGGALQAK,IE1,CMV
CASSNQGTEAFF,HLA-A*03:01,B2M,MHCI,KLGGALQAK,IE1,CMV
CASSNGYEQYF,HLA-A*02:01,B2M,MHCI,RMFPNAPYL,WT1,HomoSapiens
CASSLGQGTGELFF,HLA-A*02,B2M,MHCI,NLVPMVATV,pp65,CMV
CASSYSGGETQYF,HLA-A*02,B2M,MHCI,NLVPMVATV,pp65,CMV
CASSQAYEQYF,HLA-A*03:01,B2M,MHCI,KLGGALQAK,IE1,CMV
CSVGSGGTNEKLFF,HLA-A*02,B2M,MHCI,ELAGIGILTV,MLANA,HomoSapiens
CSVGSGGTNEKLFF,HLA-A*02,B2M,MHCI,GLCTLVAML,BMLF1,EBV
CSVGSGGTNEKLFF,HLA-A*02:01,B2M,MHCI,GLCTLVAML,BMLF1,EBV
CSVGSGGTNEKLFF,HLA-A*02:01,B2M,MHCI,GILGFVFTL,M,InfluenzaA
CASSQVRGSYEQYF,HLA-A*11:01,B2M,MHCI,AVFDRKSDAK,EBNA4,EBV
CASSYEGGTEAFF,HLA-A*03:01,B2M,MHCI,KLGGALQAK,IE1,CMV
CASSLTSGSTDTQYF,HLA-A*11:01,B2M,MHCI,GTSGSPIVNR,NS3,DENV1
CASSLTSGSTDTQYF,HLA-A*11:01,B2M,MHCI,GTSGSPIINR,NS3,DENV3/4
CASSLTSGSTDTQYF,HLA-A*03:01,B2M,MHCI,KLGGALQAK,IE1,CMV
CASSFTTGGNQPQHF,HLA-A*11:01,B2M,MHCI,AVFDRKSDAK,EBNA4,EBV
CASSLGGNTIYF,HLA-A*03:01,B2M,MHCI,KLGGALQAK,IE1,CMV
CASSLGTGGINYGYTF,HLA-DRA*01:01,HLA-DRB1*04:01,MHCII,PKYVKQNTLKLAT,HA,InfluenzaA
CASSLAGGNTIYF,HLA-A*03:01,B2M,MHCI,KLGGALQAK,IE1,CMV
CASSLTGVNTEAFF,HLA-A*02,B2M,MHCI,NLVPMVATV,pp65,CMV
CASSLVGGEQYF,HLA-A*03:01,B2M,MHCI,KLGGALQAK,IE1,CMV
CASSLNRGTDTQYF,HLA-B*81:01,B2M,MHCI,TPQDLNTML,Gag,HIV-1
CASSLSGSSYNEQFF,HLA-A*03:01,B2M,MHCI,KLGGALQAK,IE1,CMV
CASSLVSTEAFF,HLA-B*08:01,B2M,MHCI,RAKFKQLL,BZLF1,EBV
CASSLGTGDTDTQYF,HLA-A*24:02,B2M,MHCI,RYRIGNYKL,Matrix,SARS-CoV-2
CASSHTYGYTF,HLA-B*57,B2M,MHCI,KAFSPEVIPMF,Gag,HIV-1
CASSLGTSGYNEQFF,HLA-A*02:01,B2M,MHCI,AVIKTLQPV,ORF1ab,SARS-CoV-2
CASSLGTGELFF,HLA-A*02:01,B2M,MHCI,NLVPMVATV,pp65,CMV
CASSLGTGELFF,HLA-A*03:01,B2M,MHCI,KLGGALQAK,IE1,CMV
CASSPEGNYGYTF,HLA-DRA1*01,HLA-DRB1*15,MHCII,LLQTGIHVRVSQPSL,pp65,CMV
CASSLLGSNQPQHF,HLA-A*02:01,B2M,MHCI,GLCTLVAML,BMLF1,EBV
CASSLLGSNQPQHF,HLA-A*03:01,B2M,MHCI,KLGGALQAK,IE1,CMV
CASSPQGYNSPLHF,HLA-A*02,B2M,MHCI,NLVPMVATV,pp65,CMV
CASSPRSYEQYF,HLA-A*02:01,B2M,MHCI,KLFIRQEEV,ORF7a,SARS-CoV-2
CASSLAGNTIYF,HLA-B*07:02,B2M,MHCI,SIIAYTMSL,Spike,SARS-CoV-2
CASSSDRDQPQHF,HLA-A*02,B2M,MHCI,YLQPRTFLL,Spike,SARS-CoV-2
CASSDGQGGYGYTF,HLA-A*02:01,B2M,MHCI,KLWAQCVQL,ORF1ab,SARS-CoV-2
CASSPDRGREKLFF,HLA-B*15:01,B2M,MHCI,NQKLIANQF,Spike,SARS-CoV-2
CASSFSGSSYEQYF,HLA-A*03:01,B2M,MHCI,KLGGALQAK,IE1,CMV
CASSLGSSGNTIYF,HLA-A*02:01,B2M,MHCI,MLGEQLFPL,PABPC1,HomoSapiens
CASSLIGDTQYF,HLA-A*03:01,B2M,MHCI,KLGGALQAK,IE1,CMV
CASSWDRDTEAFF,HLA-A*03:01,B2M,MHCI,KLGGALQAK,IE1,CMV
CASSGSYEQYF,HLA-A*03:01,B2M,MHCI,KLGGALQAK,IE1,CMV
CASSQDLAVQETQYF,HLA-A*03:01,B2M,MHCI,KLGGALQAK,IE1,CMV
CASSFGQGAYEQYF,HLA-A*02,B2M,MHCI,NLVPMVATV,pp65,CMV
CASSQSPGGTQYF,HLA-A*02,B2M,MHCI,GLCTLVAML,BMLF1,EBV
CASSQSPGGTQYF,HLA-A*02:01,B2M,MHCI,GLCTLVAML,BMLF1,EBV
CASSSGLAGVNEQFF,HLA-A*03:01,B2M,MHCI,KLGGALQAK,IE1,CMV
CASSSGLAGVNEQFF,HLA-A*02:01,B2M,MHCI,GILGFVFTL,M,InfluenzaA
CASSSGLAGVNEQFF,HLA-B*08:01,B2M,MHCI,RAKFKQLL,BZLF1,EBV
CASSSGLAGVNEQFF,HLA-A*11:01,B2M,MHCI,AVFDRKSDAK,EBNA4,EBV
CASSSGLAGVNEQFF,HLA-A*03:01,B2M,MHCI,RLRAEAQVK,EBNA3A,EBV
CSAPLAGGPNEQFF,HLA-A*02:01,B2M,MHCI,LLWNGPMAV,NS4B,YFV
CASSFGGSGANVLTF,HLA-DRA*01,HLA-DRB1*01,MHCII,SGPLKAEIAQRLED,M1,InfluenzaA
CASSPGGAQETQYF,HLA-A*02,B2M,MHCI,NLVPMVATV,pp65,CMV
CASSIHQDQPQHF,HLA-A*02:01,B2M,MHCI,GILGFVFTL,M,InfluenzaA
CASSQSYEQYF,HLA-A*02,B2M,MHCI,NLVPMVATV,pp65,CMV
CASSPGVNTEAFF,HLA-A*02,B2M,MHCI,LLLGIGILV,BST2,HomoSapiens
CASSPGVNTEAFF,HLA-A*03:01,B2M,MHCI,KLGGALQAK,IE1,CMV
CASSERDNEQFF,HLA-A*03:01,B2M,MHCI,KLGGALQAK,IE1,CMV
CASSLAGTGELFF,HLA-A*11:01,B2M,MHCI,IVTDFSVIK,EBNA4,EBV
CASSLAGTGELFF,HLA-A*03:01,B2M,MHCI,RLRAEAQVK,EBNA3A,EBV
CASSLGTANTGELFF,HLA-A*03:01,B2M,MHCI,KLGGALQAK,IE1,CMV
CSVGQGGTNEKLFF,HLA-A*02:01,B2M,MHCI,GLCTLVAML,BMLF1,EBV
CASSLAVNTEAFF,HLA-A*01:01,B2M,MHCI,LTDEMIAQY,Spike,SARS-CoV-2
CASSQGDYEQYF,HLA-B*57:01,B2M,MHCI,KSKRTPMGF,NS5B,HCV
CASSLGGSGANVLTF,HLA-A*03:01,B2M,MHCI,KLGGALQAK,IE1,CMV
CASSQVGDEQFF,HLA-A*02:01,B2M,MHCI,FITESKPSV,ORF1ab,SARS-CoV-2
CASSIYSNQPQHF,HLA-A*02:01,B2M,MHCI,GILGFVFTL,M,InfluenzaA
CASSLSPNTEAFF,HLA-B*27,B2M,MHCI,KRWIILGLNK,Gag,HIV-1
CASSPSSSYEQYF,HLA-A*02:01,B2M,MHCI,GILGFVFTL,M,InfluenzaA
CASSPSSSYEQYF,HLA-A*11:01,B2M,MHCI,IVTDFSVIK,EBNA4,EBV
CASSPSSSYEQYF,HLA-B*08:01,B2M,MHCI,RAKFKQLL,BZLF1,EBV
CASSPSSSYEQYF,HLA-A*03:01,B2M,MHCI,KLGGALQAK,IE1,CMV
CAISESYEQYF,HLA-A*02:01,B2M,MHCI,NLVPMVATV,pp65,CMV
CASSLQGTNEKLFF,HLA-DRA*01:01,HLA-DRB1*04:01,MHCII,PKYVKQNTLKLAT,HA,InfluenzaA
CASSPQGFSYEQYF,HLA-A*02:01,B2M,MHCI,LLWNGPMAV,NS4B,YFV
CASSLAGDTEAFF,HLA-A*11:01,B2M,MHCI,AVFDRKSDAK,EBNA4,EBV
CASSLDRNTGELFF,HLA-A*02,B2M,MHCI,YLQPRTFLL,Spike,SARS-CoV-2
CASSLDRNTGELFF,HLA-A*03:01,B2M,MHCI,RLRPGGKKK,Gag,HIV-1
CASRGQGTTEAFF,HLA-A*03:01,B2M,MHCI,KLGGALQAK,IE1,CMV
CASSLGGSETQYF,HLA-A*02,B2M,MHCI,NLVPMVATV,pp65,CMV
CASSLGNQPQHF,HLA-A*11:01,B2M,MHCI,IVTDFSVIK,EBNA4,EBV
CASSLVGETQYF,HLA-DRA*01,HLA-DRB1*01,MHCII,DPFRLLQNSQVFS,NP,InfluenzaA
CASSLGTGGTEAFF,HLA-A*02:01,B2M,MHCI,VLAWLYAAV,ORF1ab,SARS-CoV-2
CASSLETVNTEAFF,HLA-A*02:01,B2M,MHCI,NLVPMVATV,pp65,CMV
CASSFTTNEKLFF,HLA-A*03:01,B2M,MHCI,KLGGALQAK,IE1,CMV
CASSPSSGNTIYF,HLA-A*03:01,B2M,MHCI,KLGGALQAK,IE1,CMV
CASRTSGTTDTQYF,HLA-A*03:01,B2M,MHCI,KLGGALQAK,IE1,CMV
CASSLNYEQYF,HLA-A*02,B2M,MHCI,NLVPMVATV,pp65,CMV
CASSPGTGSYEQYF,HLA-A*03:01,B2M,MHCI,KLGGALQAK,IE1,CMV
CASSPGTGSYEQYF,HLA-B*08:01,B2M,MHCI,RAKFKQLL,BZLF1,EBV
CASSLASTDTQYF,HLA-A*02:01,B2M,MHCI,YLQPRTFLL,Spike,SARS-CoV-2
CASSLDRGEQYF,HLA-A*02,B2M,MHCI,NLVPMVATV,pp65,CMV
CASSLAGDEQFF,HLA-B*57:01,B2M,MHCI,KSKRTPMGF,NS5B,HCV
CASSAEANTEAFF,HLA-A*02:01,B2M,MHCI,ALSKGVHFV,ORF3,SARS-CoV-2
CASSLGGYGYTF,HLA-A*03:01,B2M,MHCI,KLGGALQAK,IE1,CMV
CASSLGGYGYTF,HLA-A*68:01,B2M,MHCI,DATYQRTRALVR,NP,InfluenzaA
CASRAGGNTGELFF,HLA-A*11:01,B2M,MHCI,IVTDFSVIK,EBNA4,EBV
CASRAGGNTGELFF,HLA-A*03:01,B2M,MHCI,KLGGALQAK,IE1,CMV
CASRAGGNTGELFF,HLA-A*11:01,B2M,MHCI,AVFDRKSDAK,EBNA4,EBV
CASRAGGNTGELFF,HLA-A*02:01,B2M,MHCI,RTLNAWVKV,Gag,HIV-1
CASSPDSNYGYTF,HLA-A*03:01,B2M,MHCI,RLRAEAQVK,EBNA3A,EBV
CASSPRTSGNTYEQYF,HLA-A*24:02,B2M,MHCI,FYWFFSNYL,ORF1ab,SARS-CoV-2
CASSLGGNTEAFF,HLA-A*02:01,B2M,MHCI,YTMADLVYA,ORF1ab,SARS-CoV-2
CAWSVADTQYF,HLA-A*02:01,B2M,MHCI,NLVPMVATV,pp65,CMV
CASSFAGNQPQHF,HLA-A*02,B2M,MHCI,NLVPMVATV,pp65,CMV
CASSSSNTGELFF,HLA-A*11:01,B2M,MHCI,AVFDRKSDAK,EBNA4,EBV
CASSLTGTDTQYF,HLA-A*03:01,B2M,MHCI,KLGGALQAK,IE1,CMV
CASSLTGTDTQYF,HLA-A*02:01,B2M,MHCI,RLPGVLPRA,SF3B1,HomoSapiens
CASSFGVNTEAFF,HLA-A*02,B2M,MHCI,MLNIPSINV,pp65,CMV
CASSIRGSQPQHF,HLA-A*02,B2M,MHCI,GILGFVFTL,M,InfluenzaA
CASSIRSTDTQYF,HLA-DQA1*05:01,HLA-DQB1*02:01,MHCII,LQPFPQPELPYPQPQ,Gliadin,TriticumAestivum
CASSIRSTDTQYF,HLA-A*02,B2M,MHCI,GILGFVFTL,M,InfluenzaA
CASSIRSTDTQYF,HLA-A*02:01,B2M,MHCI,GILGFVFTL,M,InfluenzaA
CASSLDVPYEQYF,HLA-B*15:01,B2M,MHCI,RVAGDSGFAAY,Matrix,SARS-CoV-2
CASSSGGGEQYF,HLA-A*02,B2M,MHCI,MLNIPSINV,pp65,CMV
CASSLGPTEAFF,HLA-B*42:01,B2M,MHCI,TPQDLNTML,Gag,HIV-1
CASSLRGTEAFF,HLA-A*03:01,B2M,MHCI,KLGGALQAK,IE1,CMV
CASSSGAYEQYF,HLA-A*03:01,B2M,MHCI,KLGGALQAK,IE1,CMV
CASSLAGAGGYTF,HLA-A*02:01,B2M,MHCI,GILGFVFTL,M,InfluenzaA
CASSEGTDTQYF,HLA-A*02:01,B2M,MHCI,FLYNLLTRV,SEC24A,HomoSapiens
CASSEGTDTQYF,HLA-A*02,B2M,MHCI,NLVPMVATV,pp65,CMV
CASSQGGVEQYF,HLA-A*03:01,B2M,MHCI,KLGGALQAK,IE1,CMV
CASSDTGELFF,HLA-A*02:01,B2M,MHCI,TLNAWVKVV,Gag,HIV-1
CASSQGLAGDEQFF,HLA-B*15,B2M,MHCI,GLNKIVRMY,Gag,HIV-1
CASSPGLAGTGELFF,HLA-DRA*01:01,HLA-DRB5*01:01,MHCII,FRDYVDRFYKTLRAEQASQE,Gag,HIV-1
CASSQELSYEQYF,HLA-A*11:01,B2M,MHCI,AVFDRKSDAK,EBNA4,EBV
CASSQELSYEQYF,HLA-A*03:01,B2M,MHCI,KLGGALQAK,IE1,CMV
CASSPQGVTQYF,HLA-A*01:01,B2M,MHCI,TTDPSFLGRY,NSP3,SARS-CoV-2
CASGTLNTGELFF,HLA-A*02,B2M,MHCI,YLQPRTFLL,Spike,SARS-CoV-2
CASSQNTEAFF,HLA-A*01:01,B2M,MHCI,ILDTAGKEEY,NRAS,HomoSapiens
CASSFTSGTDTQYF,HLA-A*02:01,B2M,MHCI,FLGKIWPSHK,Gag,HIV-1
CASSLEETQYF,HLA-DRA1*01,HLA-DRB1*15,MHCII,LLQTGIHVRVSQPSL,pp65,CMV
CASSLEETQYF,HLA-DQA1*01:02,HLA-DQB1*06:02,MHCII,TAAQAAVVRFQEAAN,CFP10,M.tuberculosis
CASSLEETQYF,HLA-A*02:01,B2M,MHCI,RLNQLESKM,Nucleocapsid,SARS-CoV-2
CASSLGQGDTEAFF,HLA-A*03:01,B2M,MHCI,KLGGALQAK,IE1,CMV
CSARDRTGNGYTF,HLA-A*02,B2M,MHCI,GLCTLVAML,BMLF1,EBV
CSARDRTGNGYTF,HLA-A*02:01,B2M,MHCI,GLCTLVAML,BMLF1,EBV
CSARDRTGNGYTF,HLA-A*02:01,B2M,MHCI,GILGFVFTL,M,InfluenzaA
CSARDRTGNGYTF,HLA-B*08:01,B2M,MHCI,RAKFKQLL,BZLF1,EBV
CASSLRDSSSYEQYF,HLA-A*02:01,B2M,MHCI,LLSVCLGSL,ORF1ab,SARS-CoV-2
CASSAGNTIYF,HLA-DQA1*03:01:01,HLA-DQB1*03:02:12,MHCII,VEELYLVAGEEGCGGGGSL,,HomoSapiens
CASSAGNTIYF,HLA-DQA1*03:01:01,HLA-DQB1*03:02:12,MHCII,VEELYLVAGEEGCGGGGSL,,SelaginellaMoellendorffii
CASSLAGGTYEQYF,HLA-A*03:01,B2M,MHCI,KLGGALQAK,IE1,CMV
CASSLAGNEQFF,HLA-B*57:01,B2M,MHCI,KSKRTPMGF,NS5B,HCV
CASSYSYGYTF,HLA-A*03:01,B2M,MHCI,KLGGALQAK,IE1,CMV
CASSYSYGYTF,HLA-A*11:01,B2M,MHCI,AVFDRKSDAK,EBNA4,EBV
CASSLEGGTEAFF,HLA-A*02,B2M,MHCI,NLVPMVATV,pp65,CMV
CASSPGAYEQYF,HLA-A*03:01,B2M,MHCI,KLGGALQAK,IE1,CMV
CASSFRETQYF,HLA-DRA1*01,HLA-DRB1*15,MHCII,LLQTGIHVRVSQPSL,pp65,CMV
CASSPGQAPYEQYF,HLA-A*03:01,B2M,MHCI,KLGGALQAK,IE1,CMV
CASSLGGGQETQYF,HLA-A*03:01,B2M,MHCI,KLGGALQAK,IE1,CMV
CASSFTDTQYF,HLA-A*02,B2M,MHCI,NLVPMVATV,pp65,CMV
CASSFTDTQYF,HLA-A*03:01,B2M,MHCI,KLGGALQAK,IE1,CMV
CASSFSGLYNEQFF,HLA-A*02:01,B2M,MHCI,FLLPSLATV,ORF1ab,SARS-CoV-2
CASISTEAFF,HLA-A*11:01,B2M,MHCI,AVFDRKSDAK,EBNA4,EBV
CASSLGQGNQPQHF,HLA-A*02:01,B2M,MHCI,FLYNLLTRV,SEC24A,HomoSapiens
CASSLGQGNQPQHF,HLA-A*03:01,B2M,MHCI,KLGGALQAK,IE1,CMV
CASSSSYEQYF,HLA-A*02,B2M,MHCI,NLVPMVATV,pp65,CMV
CASSSSYEQYF,HLA-A*03:01,B2M,MHCI,KLGGALQAK,IE1,CMV
CASSFGTGRHEQYF,HLA-A*02:01,B2M,MHCI,TTIQTIVEV,ORF1ab,SARS-CoV-2
CAWSPNTGELFF,HLA-A*03:01,B2M,MHCI,KLGGALQAK,IE1,CMV
CASSPLTDTQYF,HLA-B*08:01,B2M,MHCI,RAKFKQLL,BZLF1,EBV
CASSPGPMNTEAFF,HLA-A*11:01,B2M,MHCI,IVTDFSVIK,EBNA4,EBV
CASSAGLAGANTGELFF,HLA-B*07:02,B2M,MHCI,SPRWYFYYL,Nucleocapsid,SARS-CoV-2
CASSLQGNQPQHF,HLA-A*02,B2M,MHCI,GILGFVFTL,M,InfluenzaA
CASSWGTNTEAFF,HLA-A*03:01,B2M,MHCI,KLGGALQAK,IE1,CMV
CASSRLGDTQYF,HLA-A*03:01,B2M,MHCI,KLGGALQAK,IE1,CMV
CASSRLGDTQYF,HLA-B*08:01,B2M,MHCI,RAKFKQLL,BZLF1,EBV
CASSRGTEAFF,HLA-DRA1*01,HLA-DRB1*15,MHCII,LLQTGIHVRVSQPSL,pp65,CMV
CASSLGRGYTF,HLA-A*03:01,B2M,MHCI,KLGGALQAK,IE1,CMV
CASSLGTGSTDTQYF,HLA-A*68:01,B2M,MHCI,SSCMGGMNWR,p53,HomoSapiens
CASSFQGGYEQYF,HLA-A*03:01,B2M,MHCI,KLGGALQAK,IE1,CMV
CASSLAGGSYEQYF,HLA-A*02:01,B2M,MHCI,RLPGVLPRA,SF3B1,HomoSapiens
CASSLAGGSYEQYF,HLA-A*02:01,B2M,MHCI,FLALCADSI,ORF1ab,SARS-CoV-2
CASRDGELFF,HLA-A*11:01,B2M,MHCI,AVFDRKSDAK,EBNA4,EBV
CASRDGELFF,HLA-A*03:01,B2M,MHCI,KLGGALQAK,IE1,CMV
CASSLQNTEAFF,HLA-A*02:01,B2M,MHCI,GILGFVFTL,M,InfluenzaA
CASSYGQNTGELFF,HLA-A*02:01,B2M,MHCI,GILGFVFTL,M,InfluenzaA
CASSPTGTGELFF,HLA-A*03:01,B2M,MHCI,KLGGALQAK,IE1,CMV
CASSLGEYTDTQYF,HLA-B*15:01,B2M,MHCI,NQKLIANQF,Spike,SARS-CoV-2
CSVVRGSYNEQFF,HLA-A*02:01,B2M,MHCI,LMGHFAWWT,ORF1ab,SARS-CoV-2
CASSLGTANYGYTF,HLA-A*02:01,B2M,MHCI,GILGFVFTL,M,InfluenzaA
CASSLGTANYGYTF,HLA-A*11:01,B2M,MHCI,AVFDRKSDAK,EBNA4,EBV
CASSLGTANYGYTF,HLA-A*03:01,B2M,MHCI,KLGGALQAK,IE1,CMV
CASSPGQGNQPQHF,HLA-A*02,B2M,MHCI,ELAGIGILTV,MLANA,HomoSapiens
CASSVGATDTQYF,HLA-B*07:02,B2M,MHCI,MPYFFTLLL,ORF1ab,SARS-CoV-2
CASSLPDSGNTIYF,HLA-A*03:01,B2M,MHCI,KLGGALQAK,IE1,CMV
CASSLKSGELFF,HLA-B*35:01,B2M,MHCI,HPVGEADYFEY,EBNA1,EBV
CASSQVGTEAFF,HLA-A*02:01,B2M,MHCI,ELYHYQECV,ORF7a,SARS-CoV-2
CSARVGYEQYF,HLA-A*02,B2M,MHCI,NLVPMVATV,pp65,CMV
CSARVGYEQYF,HLA-A*03:01,B2M,MHCI,KLGGALQAK,IE1,CMV
CASSPGIEAFF,HLA-A*11:01,B2M,MHCI,AVFDRKSDAK,EBNA4,EBV
CASSLSGYEQYF,HLA-A*11:01,B2M,MHCI,AVFDRKSDAK,EBNA4,EBV
CASSLSGYEQYF,HLA-A*03:01,B2M,MHCI,KLGGALQAK,IE1,CMV
CASSLSGYEQYF,HLA-A*03:01,B2M,MHCI,RLRAEAQVK,EBNA3A,EBV
CASSFGTGSTGELFF,HLA-A*11:01,B2M,MHCI,GTSGSPIIDK,NS3,DENV2
CASSSTGPSSYEQYF,HLA-B*08:01,B2M,MHCI,RAKFKQLL,BZLF1,EBV
CASSTRGGTEAFF,HLA-A*02,B2M,MHCI,GILGFVFTL,M,InfluenzaA
CASSYSQETQYF,HLA-A*03:01,B2M,MHCI,KLGGALQAK,IE1,CMV
CASSLGDEQYF,HLA-A*03:01,B2M,MHCI,KLGGALQAK,IE1,CMV
CASSPQVSGANVLTF,HLA-A*02,B2M,MHCI,ELAGIGILTV,MLANA,HomoSapiens
CASSLDGYGYTF,HLA-B*08:01,B2M,MHCI,RAKFKQLL,BZLF1,EBV
CASSRGAGELFF,HLA-A*02,B2M,MHCI,NLVPMVATV,pp65,CMV
CASSYDRDEQFF,HLA-B*27,B2M,MHCI,KRWIILGLNK,Gag,HIV-1
CASSGGSTDTQYF,HLA-A*02,B2M,MHCI,NLVPMVATV,pp65,CMV
CASSQDRGSNQPQHF,HLA-A*03:01,B2M,MHCI,KLGGALQAK,IE1,CMV
CASSPLTSTDTQYF,HLA-A*02,B2M,MHCI,NLVPMVATV,pp65,CMV
CASSPDTSGANVLTF,HLA-DRA1*01,HLA-DRB1*15,MHCII,LLQTGIHVRVSQPSL,pp65,CMV
CASSLSGVSSYNEQFF,HLA-A*02,B2M,MHCI,NLVPMVATV,pp65,CMV
CASSVGNEQFF,HLA-A*02:01,B2M,MHCI,GLCTLVAML,BMLF1,EBV
CASSLRQAYNEQFF,HLA-A*03:01,B2M,MHCI,KLGGALQAK,IE1,CMV
CASSLAGTGYEQYF,HLA-A*03:01,B2M,MHCI,KLGGALQAK,IE1,CMV
CASSLANTGELFF,HLA-A*02,B2M,MHCI,YLQPRTFLL,Spike,SARS-CoV-2
CASSLANTGELFF,HLA-B*35:01,B2M,MHCI,IPSINVHHY,pp65,CMV
CASASGANTGELFF,HLA-A*02,B2M,MHCI,GLCTLVAML,BMLF1,EBV
CASSPGTATYEQYF,HLA-A*03:01,B2M,MHCI,KLGGALQAK,IE1,CMV
CASSPSGSYNEQFF,HLA-A*03:01,B2M,MHCI,KLGGALQAK,IE1,CMV
CASSASYEQYF,HLA-A*02,B2M,MHCI,NLVPMVATV,pp65,CMV
CASSASYEQYF,HLA-A*03:01,B2M,MHCI,KLGGALQAK,IE1,CMV
CASSPLAGVSDTQYF,HLA-A*11:01,B2M,MHCI,IVTDFSVIK,EBNA4,EBV
CASSPLAGVSDTQYF,HLA-A*02:01,B2M,MHCI,GLCTLVAML,BMLF1,EBV
CASSPLAGVSDTQYF,HLA-A*11:01,B2M,MHCI,AVFDRKSDAK,EBNA4,EBV
CASSPLAGVSDTQYF,HLA-A*03:01,B2M,MHCI,KLGGALQAK,IE1,CMV
CASSPDRNTGELFF,HLA-A*02:01,B2M,MHCI,YLQPRTFLL,Spike,SARS-CoV-2
CASSLQGTQETQYF,HLA-A*03:01,B2M,MHCI,KLGGALQAK,IE1,CMV
CASSEGQGHTEAFF,HLA-A*03:01,B2M,MHCI,KLGGALQAK,IE1,CMV
CASSPRGQSYEQYF,HLA-A*02:01,B2M,MHCI,GILGFVFTL,M,InfluenzaA
CASSGAGGTDTQYF,HLA-A*11:01,B2M,MHCI,AVFDRKSDAK,EBNA4,EBV
CASSPGQNTEAFF,HLA-A*03:01,B2M,MHCI,KLGGALQAK,IE1,CMV
CASSLGGSTEAFF,HLA-A*02:01,B2M,MHCI,LLYDANYFL,ORF3,SARS-CoV-2
CASSLGGSTEAFF,HLA-A*02,B2M,MHCI,NLVPMVATV,pp65,CMV
CASSVAGEETQYF,HLA-A*03:01,B2M,MHCI,KLGGALQAK,IE1,CMV
CASSPASTDTQYF,HLA-DRA1*01,HLA-DRB1*15,MHCII,LLQTGIHVRVSQPSL,pp65,CMV
CASSAGTSGDNEQFF,HLA-A*03:01,B2M,MHCI,KLGGALQAK,IE1,CMV
CASSLGAGDYNEQFF,HLA-DRA*01,HLA-DRB1*01,MHCII,QARQMVQAMRTIGTHP,M1,InfluenzaA
CASSWGETQYF,HLA-A*03:01,B2M,MHCI,KLGGALQAK,IE1,CMV
CASSPPYQETQYF,HLA-A*11:01,B2M,MHCI,AVFDRKSDAK,EBNA4,EBV
CASSSGTGNTEAFF,HLA-A*03:01,B2M,MHCI,KLGGALQAK,IE1,CMV
CASSPRAGWETQYF,HLA-A*02:01,B2M,MHCI,GILGFVFTL,M,InfluenzaA
CASSGVSDTQYF,HLA-A*03:01,B2M,MHCI,KLGGALQAK,IE1,CMV
CASSPQVNTEAFF,HLA-A*03:01,B2M,MHCI,KLGGALQAK,IE1,CMV
CASSLGGGELFF,HLA-A*02:01,B2M,MHCI,TLSEQLDFI,ORF1ab,SARS-CoV-2
CASSRTTGGNTEAFF,HLA-A*03:01,B2M,MHCI,KLGGALQAK,IE1,CMV
CASSERDRGSYGYTF,HLA-DRA*01,HLA-DRB1*01,MHCII,SGPLKAEIAQRLED,M1,InfluenzaA
CASSLDRSYEQYF,HLA-A*03:01,B2M,MHCI,KLGGALQAK,IE1,CMV
CASSLTDSQETQYF,HLA-A*02,B2M,MHCI,ELAGIGILTV,MLANA,HomoSapiens
CASSPGNTEAFF,HLA-A*11:01,B2M,MHCI,AVFDRKSDAK,EBNA4,EBV
CASSPGNTEAFF,HLA-A*03:01,B2M,MHCI,KLGGALQAK,IE1,CMV
CASSPGNTEAFF,HLA-A*03:01,B2M,MHCI,RLRAEAQVK,EBNA3A,EBV
CASSPGNTEAFF,HLA-B*42:01,B2M,MHCI,TPQDLNTML,Gag,HIV-1
CASSLGGGYTF,HLA-B*57,B2M,MHCI,KAFSPEVIPMF,Gag,HIV-1
CASSLGGGYTF,HLA-B*57:01,B2M,MHCI,KAFSPEVIPMF,Gag,HIV-1
CASSFGQNTEAFF,HLA-A*03:01,B2M,MHCI,KLGGALQAK,IE1,CMV
CASSQEGYQPQHF,HLA-A*02,B2M,MHCI,NLVPMVATV,pp65,CMV
CASSLGGAGNEQFF,HLA-A*11:01,B2M,MHCI,GTSGSPIVNR,NS3,DENV1
CASSLGGAGNEQFF,HLA-A*11:01,B2M,MHCI,GTSGSPIINR,NS3,DENV3/4
CSARTGVGNTIYF,HLA-A*02:01,B2M,MHCI,GLCTLVAML,BMLF1,EBV
CASSLGGYEQYF,HLA-A*02:01,B2M,MHCI,GLCTLVAML,BMLF1,EBV
CASSPTYNEQFF,HLA-A*03:01,B2M,MHCI,KLGGALQAK,IE1,CMV
CASSLGGSSYNEQFF,HLA-A*03:01,B2M,MHCI,KLGGALQAK,IE1,CMV
CASSLLGDTQYF,HLA-A*03:01,B2M,MHCI,KLGGALQAK,IE1,CMV
CASSLGPDNEQFF,HLA-A*11:01,B2M,MHCI,GTSGSPIVNR,NS3,DENV1
CASSLGPDNEQFF,HLA-A*11:01,B2M,MHCI,GTSGSPIINR,NS3,DENV3/4
CASSLGPDNEQFF,HLA-A*03:01,B2M,MHCI,KLGGALQAK,IE1,CMV
CASSDRMNTEAFF,HLA-A*03:01,B2M,MHCI,KLGGALQAK,IE1,CMV
CASSDRMNTEAFF,HLA-A*11:01,B2M,MHCI,AVFDRKSDAK,EBNA4,EBV
CASSDRMNTEAFF,HLA-A*03:01,B2M,MHCI,RLRAEAQVK,EBNA3A,EBV
CASSDRMNTEAFF,HLA-A*11:01,B2M,MHCI,IVTDFSVIK,EBNA4,EBV
CASSLGRNYGYTF,HLA-A*02,B2M,MHCI,NLVPMVATV,pp65,CMV
CASSLGRNYGYTF,HLA-A*03:01,B2M,MHCI,KLGGALQAK,IE1,CMV
CASSLDRGEQFF,HLA-A*02,B2M,MHCI,NLVPMVATV,pp65,CMV
CASSLDRGEQFF,HLA-B*27,B2M,MHCI,KRWIILGLNK,Gag,HIV-1
CASSLGGQGYEQYF,HLA-A*02,B2M,MHCI,NLVPMVATV,pp65,CMV
CASSLGQAAEAFF,HLA-A*03:01,B2M,MHCI,KLGGALQAK,IE1,CMV
CASSQEDRDNSPLHF,HLA-A*02:01,B2M,MHCI,LMIERFVSL,ORF1ab,SARS-CoV-2
CASSLRGDRNQPQHF,HLA-A*03:01,B2M,MHCI,KLGGALQAK,IE1,CMV
CASSLSGYNEQFF,HLA-A*03:01,B2M,MHCI,KLGGALQAK,IE1,CMV
CASSLSGYNEQFF,HLA-A*01:01,B2M,MHCI,TTDPSFLGRY,NSP3,SARS-CoV-2
CASSPPNQPQHF,HLA-A*02:01,B2M,MHCI,FLYNLLTRV,SEC24A,HomoSapiens
CASSPPNQPQHF,HLA-A*03:01,B2M,MHCI,KLGGALQAK,IE1,CMV
CASSGGDTQYF,HLA-A*02,B2M,MHCI,ELAGIGILTV,MLANA,HomoSapiens
CASSFQETQYF,HLA-A*02,B2M,MHCI,NLVPMVATV,pp65,CMV
CASSFQETQYF,HLA-A*02:01,B2M,MHCI,LMCQPILLL,ORF1ab,SARS-CoV-2
CASSLRVNTEAFF,HLA-B*08,B2M,MHCI,QIKVRVDMV,IE1,CMV
CASSTNTEAFF,HLA-A*03:01,B2M,MHCI,KLGGALQAK,IE1,CMV
CASSLGTQPQHF,HLA-A*03:01,B2M,MHCI,KLGGALQAK,IE1,CMV
CASSLGTQPQHF,HLA-B*08:01,B2M,MHCI,RAKFKQLL,BZLF1,EBV
CASSYSYEQYF,HLA-A*02:01,B2M,MHCI,GILGFVFTL,M,InfluenzaA
CASSYSYEQYF,HLA-A*03:01,B2M,MHCI,KLGGALQAK,IE1,CMV
CASSYSYEQYF,HLA-A*11:01,B2M,MHCI,AVFDRKSDAK,EBNA4,EBV
CASSYGGYEQYF,HLA-A*02,B2M,MHCI,NLVPMVATV,pp65,CMV
CASSYGGYEQYF,HLA-A*02:01,B2M,MHCI,GILGFVFTL,M,InfluenzaA
CASHSDRNTGELFF,HLA-A*02:01,B2M,MHCI,YLQPRTFLL,Spike,SARS-CoV-2
CASSFGTGTTEAFF,HLA-A*03:01,B2M,MHCI,KLGGALQAK,IE1,CMV
CASSPRSTDTQYF,HLA-A*02:01,B2M,MHCI,GILGFVFTL,M,InfluenzaA
CASSPRSTDTQYF,HLA-A*02,B2M,MHCI,GILGFVFTL,M,InfluenzaA
CASSPRSTDTQYF,HLA-A*11:01,B2M,MHCI,AVFDRKSDAK,EBNA4,EBV
CASSLAGGINEQFF,HLA-A*02,B2M,MHCI,NLVPMVATV,pp65,CMV
CASSLAGGINEQFF,HLA-A*03:01,B2M,MHCI,KLGGALQAK,IE1,CMV
CASSLRGGRETQYF,HLA-A*03:01,B2M,MHCI,KLGGALQAK,IE1,CMV
CASSLAGDSYEQYF,HLA-A*02:01,B2M,MHCI,GILGFVFTL,M,InfluenzaA
CASSQERGNEQFF,HLA-A*02:01,B2M,MHCI,GLCTLVAML,BMLF1,EBV
CASSLASGGVNEQFF,HLA-DRA*01:01,HLA-DRB1*04:01,MHCII,PKYVKQNTLKLAT,HA,InfluenzaA
CASSLETQYF,HLA-A*02,B2M,MHCI,NLVPMVATV,pp65,CMV
CASSLAPGLGTEAFF,HLA-B*07:02,B2M,MHCI,LPRRSGAAGA,NP,InfluenzaA
CASSLDSSYEQYF,HLA-A*03:01,B2M,MHCI,KLGGALQAK,IE1,CMV
CASSLDSSYEQYF,HLA-A*01:01,B2M,MHCI,TTDPSFLGRY,NSP3,SARS-CoV-2
CASSLDSSYEQYF,HLA-DRA*01,HLA-DRB1*01,MHCII,QARQMVQAMRTIGTHP,M1,InfluenzaA
CASSIGGNQPQHF,HLA-A*02,B2M,MHCI,ELAGIGILTV,MLANA,HomoSapiens
CASSLGTGGDEQYF,HLA-DRA1*01,HLA-DRB1*15,MHCII,LLQTGIHVRVSQPSL,pp65,CMV
CASSSGVYEQYF,HLA-A*03:01,B2M,MHCI,KLGGALQAK,IE1,CMV
CASSFGTDTQYF,HLA-A*03:01,B2M,MHCI,KLGGALQAK,IE1,CMV
CASSLTTGYGYTF,HLA-A*01:01,B2M,MHCI,ATDALMTGY,NS3,HCV
CASSRTLNTEAFF,HLA-A*01:01,B2M,MHCI,VTEHDTLLY,pp50,CMV
CASSRTLNTEAFF,HLA-A*03:01,B2M,MHCI,KLGGALQAK,IE1,CMV
CASSLAGGNTDTQYF,HLA-A*03:01,B2M,MHCI,KLGGALQAK,IE1,CMV
CASSLSGTGELFF,HLA-A*02,B2M,MHCI,CINGVCWTV,NS3,HCV
CASSLSGTGELFF,HLA-A*03:01,B2M,MHCI,KLGGALQAK,IE1,CMV
CASSFQGNYEQYF,HLA-A*03:01,B2M,MHCI,KLGGALQAK,IE1,CMV
CASSFQGNYEQYF,HLA-B*08,B2M,MHCI,EIYKRWII,Gag,HIV-1
CASSYGLNQPQHF,HLA-A*02,B2M,MHCI,LLLGIGILV,BST2,HomoSapiens
CASSLGQGDGYTF,HLA-A*02,B2M,MHCI,ELAGIGILTV,MLANA,HomoSapiens
CASSTRQGGTDTQYF,HLA-A*03:01,B2M,MHCI,KLGGALQAK,IE1,CMV
CASSSGVNTGELFF,HLA-A*11:01,B2M,MHCI,GTSGSPIVNR,NS3,DENV1
CASSSGVNTGELFF,HLA-A*11:01,B2M,MHCI,GTSGSPIINR,NS3,DENV3/4
CASSLGTGAYEQYF,HLA-A*03:01,B2M,MHCI,KLGGALQAK,IE1,CMV
CASSELASGGDEQFF,HLA-DRA*01:01,HLA-DRB1*15:01,MHCII,FRDYVDRFYKTLRAEQASQE,Gag,HIV-1
CASSWTANYGYTF,HLA-A*02,B2M,MHCI,GILGFVFTL,M,InfluenzaA
CASSRVDTQYF,HLA-A*03:01,B2M,MHCI,KLGGALQAK,IE1,CMV
CASSLGGTGELFF,HLA-A*03:01,B2M,MHCI,KLGGALQAK,IE1,CMV
CASSFGAGGTDTQYF,HLA-A*03:01,B2M,MHCI,KLGGALQAK,IE1,CMV
CASSLGQGVGYTF,HLA-A*03:01,B2M,MHCI,KLGGALQAK,IE1,CMV
CASSLTGGGETQYF,HLA-A*03:01,B2M,MHCI,KLGGALQAK,IE1,CMV
CASSEGSSYEQYF,HLA-B*08:01,B2M,MHCI,RAKFKQLL,BZLF1,EBV
CASSFSTDTQYF,HLA-A*02,B2M,MHCI,GILGFVFTL,M,InfluenzaA
CASSFSTDTQYF,HLA-A*02:01,B2M,MHCI,GLCTLVAML,BMLF1,EBV
CASSFSTDTQYF,HLA-A*03:01,B2M,MHCI,KLGGALQAK,IE1,CMV
CASSPWTGGETQYF,HLA-A*03:01,B2M,MHCI,KLGGALQAK,IE1,CMV
CASSDQETQYF,HLA-A*02,B2M,MHCI,VAANIVLTV,SLC30A8,HomoSapiens
CASSFGGSNQPQHF,HLA-A*02,B2M,MHCI,NLVPMVATV,pp65,CMV
CASSPSDNEQFF,HLA-A*03:01,B2M,MHCI,KLGGALQAK,IE1,CMV
CASSLDRGHEQYF,HLA-A*03:01,B2M,MHCI,KLGGALQAK,IE1,CMV
CASSLDRGHEQYF,HLA-A*11:01,B2M,MHCI,AVFDRKSDAK,EBNA4,EBV
CASSDDIEAFF,HLA-A*02,B2M,MHCI,YLQPRTFLL,Spike,SARS-CoV-2
CASSLPGGYGYTF,HLA-A*02,B2M,MHCI,NLVPMVATV,pp65,CMV
CASSLAGGQETQYF,HLA-B*57:01,B2M,MHCI,KAFSPEVIPMF,Gag,HIV-1
CASSLGTSSYEQYF,HLA-B*27:05,B2M,MHCI,KRWIILGLNK,Gag,HIV-1
CASSLGTSSYEQYF,HLA-B*27:05,B2M,MHCI,KRWIIMGLNK,Gag,HIV-1
CASSLLVGDTQYF,HLA-A*03:01,B2M,MHCI,KLGGALQAK,IE1,CMV
CASSLGQTNYGYTF,HLA-C*08:02,B2M,MHCI,GADGVGKSAL,KRAS,HomoSapiens
CASSPYNEQFF,HLA-DRA1*01,HLA-DRB1*15,MHCII,LLQTGIHVRVSQPSL,pp65,CMV
CASSPYNEQFF,HLA-A*02,B2M,MHCI,GILGFVFTL,M,InfluenzaA
CSVGGAYEQYF,HLA-B*07:02,B2M,MHCI,RPPIFIRRL,EBNA3A,EBV
CAWSDSSNQPQHF,HLA-A*03:01,B2M,MHCI,KLGGALQAK,IE1,CMV
CSARAGNQPQHF,HLA-A*02:01,B2M,MHCI,ELAGIGILTV,MLANA,HomoSapiens
CASSYDRNQPQHF,HLA-DRA1*01,HLA-DRB1*15,MHCII,LLQTGIHVRVSQPSL,pp65,CMV
CASSTRSAYEQYF,HLA-A*02,B2M,MHCI,GILGFVFTL,M,InfluenzaA
CASSTRSAYEQYF,HLA-A*02:01,B2M,MHCI,GILGFVFTL,M,InfluenzaA
CASSLGSYEQYF,HLA-A*11:01,B2M,MHCI,GTSGSPIVNR,NS3,DENV1
CASSLGSYEQYF,HLA-A*03:01,B2M,MHCI,KLGGALQAK,IE1,CMV
CASSLGRGFADTQYF,HLA-A*03:01,B2M,MHCI,KLGGALQAK,IE1,CMV
CASSPQGINTEAFF,HLA-A*01:01,B2M,MHCI,VTEHDTLLY,pp50,CMV
CASSLPGNEQFF,HLA-A*02,B2M,MHCI,ELAGIGILTV,MLANA,HomoSapiens
CASSIGAYGYTF,HLA-A*02,B2M,MHCI,GILGFVFTL,M,InfluenzaA
CASSIGAYGYTF,HLA-A*02:01,B2M,MHCI,GILGFVFTL,M,InfluenzaA
CASSFTPYNEQFF,HLA-A*02,B2M,MHCI,ELAGIGILTV,MLANA,HomoSapiens
CASSIGVHGYTF,HLA-A*02:01,B2M,MHCI,GILGFVFTL,M,InfluenzaA
CASSANTGELFF,HLA-A*11:01,B2M,MHCI,IVTDFSVIK,EBNA4,EBV
CASSLRGTGELFF,HLA-B*08,B2M,MHCI,FLKEKGGL,Nef,HIV-1
CASSVGGGTEAFF,HLA-A*03:01,B2M,MHCI,KLGGALQAK,IE1,CMV
CASSLGPGEQFF,HLA-A*03:01,B2M,MHCI,KLGGALQAK,IE1,CMV
CASSDRAGNTIYF,HLA-A*03:01,B2M,MHCI,KLGGALQAK,IE1,CMV
CASSDRAGNTIYF,HLA-A*02:01,B2M,MHCI,GILGFVFTL,M,InfluenzaA
CASRYQGLGQPQHF,HLA-A*02:01,B2M,MHCI,ELAGIGILTV,MLANA,HomoSapiens
CASSSGQGGTDTQYF,HLA-A*03:01,B2M,MHCI,KLGGALQAK,IE1,CMV
CASSLLNTGELFF,HLA-A*03:01,B2M,MHCI,KLGGALQAK,IE1,CMV
CASSLAGNTEAFF,HLA-A*03:01,B2M,MHCI,KLGGALQAK,IE1,CMV
CASSPSYEQYF,HLA-B*08:01,B2M,MHCI,RAKFKQLL,BZLF1,EBV
CASSAGTGGTDTQYF,HLA-A*03:01,B2M,MHCI,KLGGALQAK,IE1,CMV
CASSLGGGNQPQHF,HLA-A*02,B2M,MHCI,ELAGIGILTV,MLANA,HomoSapiens
CASSPGYEQYF,HLA-A*02:01,B2M,MHCI,GLCTLVAML,BMLF1,EBV
CASSLGGNNEQFF,HLA-A*02:01,B2M,MHCI,GLCTLVAML,BMLF1,EBV
CASGLDSSSGNTIYF,HLA-A*11:01,B2M,MHCI,AVFDRKSDAK,EBNA4,EBV
CASGLDSSSGNTIYF,HLA-A*03:01,B2M,MHCI,KLGGALQAK,IE1,CMV
CASSLASYGYTF,HLA-DRA1*01,HLA-DRB1*15,MHCII,LLQTGIHVRVSQPSL,pp65,CMV
CASSLAGQNTEAFF,HLA-A*03:01,B2M,MHCI,KLGGALQAK,IE1,CMV
CASSEGNTGELFF,HLA-A*02,B2M,MHCI,NLVPMVATV,pp65,CMV
CASSEGNTGELFF,HLA-B*27:05,B2M,MHCI,KRWIILGLNK,Gag,HIV-1
CASSLGGTDTQYF,HLA-A*03:01,B2M,MHCI,KLGGALQAK,IE1,CMV
CASSLGGTDTQYF,HLA-A*11:01,B2M,MHCI,AVFDRKSDAK,EBNA4,EBV
CASSLSLGGTEAFF,HLA-A*02:01,B2M,MHCI,ELAGIGILTV,MLANA,HomoSapiens
CASSGGQETQYF,HLA-DRA*01:01,HLA-DRB1*01:01,MHCII,LNKIVRMYSPTSILD,Gag,HIV-1
CASTGGLGYTF,HLA-A*02,B2M,MHCI,KLVALGINAV,NS3,HCV
CASSGSSYNEQFF,HLA-A*03:01,B2M,MHCI,KLGGALQAK,IE1,CMV
CASSLGVGTEAFF,HLA-A*02:01,B2M,MHCI,GILGFVFTL,M,InfluenzaA
CASSPGPSYGYTF,HLA-A*02,B2M,MHCI,ELAGIGILTV,MLANA,HomoSapiens
CASSELNTGELFF,HLA-A*02:01,B2M,MHCI,YLQPRTFLL,Spike,SARS-CoV-2
CASSELNTGELFF,HLA-A*02,B2M,MHCI,YLQPRTFLL,Spike,SARS-CoV-2
CASSRLAGGTDTQYF,HLA-DRA*01:01,HLA-DRB1*11:01,MHCII,FRDYVDRFYKTLRAEQASQE,Gag,HIV-1
CASSRLAGGTDTQYF,HLA-B*08,B2M,MHCI,EIYKRWII,Gag,HIV-1
CASSRLAGGTDTQYF,HLA-B*08,B2M,MHCI,QIKVRVDMV,IE1,CMV
CASSSQGGNYGYTF,HLA-A*02,B2M,MHCI,LLLGIGILV,BST2,HomoSapiens
CASSQDPDTQYF,HLA-A*68:01,B2M,MHCI,DATYQRTRALVR,NP,InfluenzaA
CASSLNNEQFF,HLA-A*01:01,B2M,MHCI,VTDNTFTLK,ORF1ab,SARS-CoV-2
CASSLVGTEAFF,HLA-A*02,B2M,MHCI,GLCTLVAML,BMLF1,EBV
CASSFPRGTEAFF,HLA-A*02:01,B2M,MHCI,IMDQVPFSV,PMEL,HomoSapiens
CASSLSASNQPQHF,HLA-A*03:01,B2M,MHCI,KLGGALQAK,IE1,CMV
CASSLWGNQPQHF,HLA-A*02,B2M,MHCI,NLVPMVATV,pp65,CMV
CASSLWGNQPQHF,HLA-A*11:01,B2M,MHCI,IVTDFSVIK,EBNA4,EBV
CASSFAYGYTF,HLA-A*02,B2M,MHCI,MLNIPSINV,pp65,CMV
CASSLPGYNEQFF,HLA-A*03:01,B2M,MHCI,KLGGALQAK,IE1,CMV
CASSLPGYNEQFF,HLA-A*11:01,B2M,MHCI,AVFDRKSDAK,EBNA4,EBV
CASSLGEKLFF,HLA-A*02,B2M,MHCI,KLVALGINAV,NS3,HCV
CASSLTSGSSYNEQFF,HLA-A*02,B2M,MHCI,NLVPMVATV,pp65,CMV
CASSPDTGELFF,HLA-A*01:01,B2M,MHCI,VTEHDTLLY,pp50,CMV
CASSPDTGELFF,HLA-A*03:01,B2M,MHCI,KLGGALQAK,IE1,CMV
CASSYRGQGNYGYTF,HLA-B*08,B2M,MHCI,FLKEKGGL,Nef,HIV-1
CASSLGTYEQYF,HLA-A*02,B2M,MHCI,NLVPMVATV,pp65,CMV
CASSLGQGYEQYF,HLA-A*02:01,B2M,MHCI,KLMNIQQKL,AKAP13,HomoSapiens
CASSLGQGYEQYF,HLA-A*11:01,B2M,MHCI,GTSGSPIINR,NS3,DENV3/4
CASSLGQGYEQYF,HLA-A*03:01,B2M,MHCI,KLGGALQAK,IE1,CMV
CASRTGYTEAFF,HLA-A*02,B2M,MHCI,NLVPMVATV,pp65,CMV
CASSLTGGYNEQFF,HLA-B*35:01,B2M,MHCI,HPVGEADYFEY,EBNA1,EBV
CASSLARTVNTEAFF,HLA-A*03:01,B2M,MHCI,KLGGALQAK,IE1,CMV
CASSLGLAGNTDTQYF,HLA-DRA*01,HLA-DRB1*01,MHCII,PKYVKQNTLKLAT,HA,InfluenzaA
CASSLQGAGNTIYF,HLA-A*02:01,B2M,MHCI,YLEPGPVTV,PMEL,HomoSapiens
CASSLGLTTGELFF,HLA-A*03:01,B2M,MHCI,KLGGALQAK,IE1,CMV
CASSLDSYEQYF,HLA-B*27:05,B2M,MHCI,KRWIILGLNK,Gag,HIV-1
CASSLDSYEQYF,HLA-B*27,B2M,MHCI,KRWIILGLNK,Gag,HIV-1
CASSLDSYEQYF,HLA-A*02:01,B2M,MHCI,WLTNIFGTV,ORF1ab,SARS-CoV-2
CASRGLNTEAFF,HLA-A*03:01,B2M,MHCI,KLGGALQAK,IE1,CMV
CASSLYSDTQYF,HLA-A*02:01,B2M,MHCI,YVLDHLIVV,BRLF1,EBV
CASSPGQGAIYGYTF,HLA-DRB1*04:05,HLA-DRA*01:01,MHCII,NCTFEYVSQPFLMDL,Spike,SARS-CoV-2
CASSPRQGDQPQHF,HLA-B*08:01,B2M,MHCI,RAKFKQLL,BZLF1,EBV
CASSSYTGELFF,HLA-A*02:01,B2M,MHCI,SLFNTVATL,Gag,HIV-1
CSARTGNTIYF,HLA-B*08:01,B2M,MHCI,RAKFKQLL,BZLF1,EBV
CASSLGSGGTDTQYF,HLA-A*02:01,B2M,MHCI,YLNDHLEPWI,BCL2L1,HomoSapiens
CASSLGSGGTDTQYF,HLA-A*03:01,B2M,MHCI,KLGGALQAK,IE1,CMV
CASSPRTGRDTEAFF,HLA-A*02,B2M,MHCI,NLVPMVATV,pp65,CMV
CASSHGQGAYEQYF,HLA-A*02:01,B2M,MHCI,LLWNGPMAV,NS4B,YFV
CASSTGTGYGYTF,HLA-A*03:01,B2M,MHCI,KLGGALQAK,IE1,CMV
CASSQGQNTGELFF,HLA-A*02,B2M,MHCI,GILGFVFTL,M,InfluenzaA
CASSLGQSSYNEQFF,HLA-A*02:01,B2M,MHCI,KSVNITFEL,ORF1ab,SARS-CoV-2
CASSFSGNTEAFF,HLA-A*02,B2M,MHCI,NLVPMVATV,pp65,CMV
CASSPRGRTEAFF,HLA-A*02,B2M,MHCI,GLCTLVAML,BMLF1,EBV
CASSTGYYGYTF,HLA-A*02,B2M,MHCI,GILGFVFTL,M,InfluenzaA
CASSQGNYGYTF,HLA-A*02,B2M,MHCI,GILGFVFTL,M,InfluenzaA
CASSQGNYGYTF,HLA-A*02:01,B2M,MHCI,GILGFVFTL,M,InfluenzaA
CASSLGDTEAFF,HLA-A*02,B2M,MHCI,ELAGIGILTV,MLANA,HomoSapiens
CASSLGDTEAFF,HLA-A*02,B2M,MHCI,NLVPMVATV,pp65,CMV
CASSLGDTEAFF,HLA-A*02:01,B2M,MHCI,GILGFVFTL,M,InfluenzaA
CASSLGDTEAFF,HLA-A*03:01,B2M,MHCI,KLGGALQAK,IE1,CMV
CASSLNGGTEAFF,HLA-A*02:01,B2M,MHCI,LLYDANYFL,ORF3,SARS-CoV-2
CASSLSGTGFYGYTF,HLA-A*02,B2M,MHCI,NLVPMVATV,pp65,CMV
CASSDNYGYTF,HLA-A*02,B2M,MHCI,NLVPMVATV,pp65,CMV
CASSRGLAANTGELFF,HLA-A*02,B2M,MHCI,GILGFVFTL,M,InfluenzaA
CASSLGQGNTEAFF,HLA-A*02,B2M,MHCI,NLVPMVATV,pp65,CMV
CASSLGQGNTEAFF,HLA-B*07:02,B2M,MHCI,LPRRSGAAGA,NP,InfluenzaA
CASSLGQGNTEAFF,HLA-A*03:01,B2M,MHCI,KLGGALQAK,IE1,CMV
CASTQGSTDTQYF,HLA-A*02,B2M,MHCI,KLVALGINAV,NS3,HCV
CASSYSSGSYEQYF,HLA-A*03:01,B2M,MHCI,KLGGALQAK,IE1,CMV
CASSYSSGSYEQYF,HLA-B*08:01,B2M,MHCI,RAKFKQLL,BZLF1,EBV
CASSQGYEQYF,HLA-A*02:01,B2M,MHCI,KLFEFLVYGV,SMARCD3,HomoSapiens
CASSQGYEQYF,HLA-A*03:01,B2M,MHCI,KLGGALQAK,IE1,CMV
CAWSPGTASNQPQHF,HLA-A*02:01,B2M,MHCI,CLAVHECFV,ORF1ab,SARS-CoV-2
CASRPGVGNQPQHF,HLA-B*08:01,B2M,MHCI,RAKFKQLL,BZLF1,EBV
CASRPGVGNQPQHF,HLA-A*11:01,B2M,MHCI,AVFDRKSDAK,EBNA4,EBV
CASRPGVGNQPQHF,HLA-A*03:01,B2M,MHCI,KLGGALQAK,IE1,CMV
CASSPQTAGELFF,HLA-B*27:05,B2M,MHCI,KRWIILGLNK,Gag,HIV-1
CASSPPSGSYEQYF,HLA-B*08,B2M,MHCI,FLKEKGGL,Nef,HIV-1
CASSPPSGSYEQYF,HLA-A*02,B2M,MHCI,NLVPMVATV,pp65,CMV
CASSLDGNQPQHF,HLA-A*03:01,B2M,MHCI,KLGGALQAK,IE1,CMV
CASSQGTGTDTQYF,HLA-A*03:01,B2M,MHCI,KLGGALQAK,IE1,CMV
CASSSGQGGEKLFF,HLA-A*03:01,B2M,MHCI,KLGGALQAK,IE1,CMV
CASSGYNEQFF,HLA-A*02,B2M,MHCI,NLVPMVATV,pp65,CMV
CASSGYNEQFF,HLA-A*03:01,B2M,MHCI,KLGGALQAK,IE1,CMV
CASSLGTGSYEQYF,HLA-A*03:01,B2M,MHCI,KLGGALQAK,IE1,CMV
CASSLLGGTEAFF,HLA-A*02:01,B2M,MHCI,IMDQVPFSV,PMEL,HomoSapiens
CASSLTGGGYTF,HLA-B*15:01,B2M,MHCI,NQKLIANQF,Spike,SARS-CoV-2
CASSLGQPQHF,HLA-A*02,B2M,MHCI,GILGFVFTL,M,InfluenzaA
CASSSRGRGETQYF,HLA-A*08:01,B2M,MHCI,HPVTKYIM,NS3,HCV
CASSLAGFGNTIYF,HLA-A*02,B2M,MHCI,MLNIPSINV,pp65,CMV
CASSLYNEQFF,HLA-A*02,B2M,MHCI,NLVPMVATV,pp65,CMV
CASSLYNEQFF,HLA-B*07:02,B2M,MHCI,GPRLGVRAT,CORE,HCV
CASSQTGNQPQHF,HLA-A*02,B2M,MHCI,NLVPMVATV,pp65,CMV
CASSLTGMNTEAFF,HLA-A*02,B2M,MHCI,NLVPMVATV,pp65,CMV
CASSRDRGDTEAFF,HLA-A*03:01,B2M,MHCI,KLGGALQAK,IE1,CMV
CASSEGGVETQYF,HLA-A*02:01,B2M,MHCI,GILGFVFTL,M,InfluenzaA
CASSEGGVETQYF,HLA-A*03:01,B2M,MHCI,KLGGALQAK,IE1,CMV
CASSEGGVETQYF,HLA-A*11:01,B2M,MHCI,AVFDRKSDAK,EBNA4,EBV
CASSLGTGGNQPQHF,HLA-B*08,B2M,MHCI,FLKEKGGL,Nef,HIV-1
CASGTGDSNQPQHF,HLA-B*35:01,B2M,MHCI,EPLPQGQLTAY,BZLF1,EBV
CASSLGGGMNTEAFF,HLA-A*03:01,B2M,MHCI,KLGGALQAK,IE1,CMV
CASSLEHTEAFF,HLA-A*11:01,B2M,MHCI,AVFDRKSDAK,EBNA4,EBV
CASSQGQGDGYTF,HLA-A*03:01,B2M,MHCI,KLGGALQAK,IE1,CMV
CASSLGGDSPLHF,HLA-A*03:01,B2M,MHCI,KLGGALQAK,IE1,CMV
CASSPGTGAYEQYF,HLA-A*02:01,B2M,MHCI,LLWNGPMAV,NS4B,YFV
CASSPGTGAYEQYF,HLA-A*11:01,B2M,MHCI,AVFDRKSDAK,EBNA4,EBV
CASSPSYNEQFF,HLA-A*02:01,B2M,MHCI,RLITGRLQSL,Spike,SARS-CoV-2
CASSPSYNEQFF,HLA-A*02,B2M,MHCI,NLVPMVATV,pp65,CMV
CASSPSYNEQFF,HLA-A*03:01,B2M,MHCI,KLGGALQAK,IE1,CMV
CASSPSYNEQFF,HLA-A*03:01,B2M,MHCI,RLRAEAQVK,EBNA3A,EBV
CASSLDRNTEAFF,HLA-A*02:01,B2M,MHCI,FLAHIQWMV,ORF1ab,SARS-CoV-2
CASSPRETYEQYF,HLA-A*03:01,B2M,MHCI,KLGGALQAK,IE1,CMV
CASSLGTLEETQYF,HLA-A*02,B2M,MHCI,NLVPMVATV,pp65,CMV
CASSFRDSYEQYF,HLA-A*11:01,B2M,MHCI,AVFDRKSDAK,EBNA4,EBV
CASSFRDSYEQYF,HLA-B*08:01,B2M,MHCI,RAKFKQLL,BZLF1,EBV
CASSFRDSYEQYF,HLA-A*03:01,B2M,MHCI,KLGGALQAK,IE1,CMV
CASSLVNTEAFF,HLA-DRA*01:01,HLA-DRB3*02:02,MHCII,HYNYMCNSSCMGSMN,p53,HomoSapiens
CASSRDSYNEQFF,HLA-A*03:01,B2M,MHCI,KLGGALQAK,IE1,CMV
CASSGTSGAYNEQFF,HLA-A*03:01,B2M,MHCI,RLRAEAQVK,EBNA3A,EBV
CASSGTSGAYNEQFF,HLA-A*03:01,B2M,MHCI,KLGGALQAK,IE1,CMV
CASSGTSGAYNEQFF,HLA-B*08:01,B2M,MHCI,RAKFKQLL,BZLF1,EBV
CASSSTGYEQYF,HLA-A*02:01,B2M,MHCI,GLCTLVAML,BMLF1,EBV
CASGGYNEQFF,HLA-A*02,B2M,MHCI,NLVPMVATV,pp65,CMV
CASGGYNEQFF,HLA-B*07:02,B2M,MHCI,WPWYIWLGF,Spike,SARS-CoV-2
CASSGQMNTEAFF,HLA-A*03:01,B2M,MHCI,KLGGALQAK,IE1,CMV
CASSQGSYGYTF,HLA-A*02:01,B2M,MHCI,GILGFVFTL,M,InfluenzaA
CASSQGSYGYTF,HLA-A*02,B2M,MHCI,GILGFVFTL,M,InfluenzaA
CASSLDSYNEQFF,HLA-A*03:01,B2M,MHCI,KLGGALQAK,IE1,CMV
CASSQGLYEQYF,HLA-A*02,B2M,MHCI,NLVPMVATV,pp65,CMV
CASSQDRGQVYGYTF,HLA-A*24:02,B2M,MHCI,SFHSLHLLF,Tax,HTLV-1
CASSGLAGANEQFF,HLA-A*02,B2M,MHCI,ELAGIGILTV,MLANA,HomoSapiens
CASSGGGYEQYF,HLA-A*03:01,B2M,MHCI,KLGGALQAK,IE1,CMV
CASSSDRGGYNEQFF,HLA-A*02:01,B2M,MHCI,GILGFVFTL,M,InfluenzaA
CASSVRSTDTQYF,HLA-DQA1*05:01:01:02,HLA-DQB1*02:01:08,MHCII,APQPELPYPQPG,,TriticumAestivum
CASSVRSTDTQYF,HLA-A*02:01,B2M,MHCI,GILGFVFTL,M,InfluenzaA
CASSGTSGSTDTQYF,HLA-B*15:01,B2M,MHCI,NQKLIANQF,Spike,SARS-CoV-2
CASSLGQETQYF,HLA-A*03:01,B2M,MHCI,KLGGALQAK,IE1,CMV
CASSPGGLTDTQYF,HLA-A*02,B2M,MHCI,NLVPMVATV,pp65,CMV
CASSIRSSYEQYF,HLA-A*02:01:48,B2M,MHCI,GILGFVFTL,M,InfluenzaA
CASSIRSSYEQYF,HLA-A*02:01:48,B2M,MHCI,GILEFVFTL,M1-G4E,synthetic
CASSIRSSYEQYF,HLA-A*02:01,B2M,MHCI,GILGFVFTL,M,InfluenzaA
CASSIRSSYEQYF,HLA-A*02,B2M,MHCI,GILGFVFTL,M,InfluenzaA
CASSIRSSYEQYF,HLA-A*02:01,B2M,MHCI,GLCTLVAML,BMLF1,EBV
CASSIRSSYEQYF,HLA-A*11:01,B2M,MHCI,IVTDFSVIK,EBNA4,EBV
CASSIRSSYEQYF,HLA-A*11:01,B2M,MHCI,AVFDRKSDAK,EBNA4,EBV
CASSIRSSYEQYF,HLA-A*02:01,B2M,MHCI,ELAGIGILTV,MLANA,HomoSapiens
CASSIRSSYEQYF,HLA-A*03:01,B2M,MHCI,KLGGALQAK,IE1,CMV
CASSIRSSYEQYF,HLA-B*08:01,B2M,MHCI,RAKFKQLL,BZLF1,EBV
CASSHRTGDEKLFF,HLA-A*02,B2M,MHCI,GILGFVFTL,M,InfluenzaA
CASSLSGSYEQYF,HLA-A*01:01,B2M,MHCI,VTEHDTLLY,pp50,CMV
CASSLSGSYEQYF,HLA-B*07:02,B2M,MHCI,SPRWYFYYL,Nucleocapsid,SARS-CoV-2
CASSLGQNTEAFF,HLA-B*08:01,B2M,MHCI,FLRGRAYGL,EBNA3A,EBV
CASSETGGNQPQHF,HLA-A*02:01,B2M,MHCI,NLVPMVATV,pp65,CMV
CASSLDTDTQYF,HLA-A*02:01,B2M,MHCI,GLCTLVAML,BMLF1,EBV
CASSLDTDTQYF,HLA-A*24:02,B2M,MHCI,QYDPVAALF,pp65,CMV
CASSYGTGGQETQYF,HLA-A*02,B2M,MHCI,MLNIPSINV,pp65,CMV
CASSLGLAGGNEQFF,HLA-A*03:01,B2M,MHCI,KLGGALQAK,IE1,CMV
CASSLGGDTQYF,HLA-A*02,B2M,MHCI,ILKEPVHGV,Pol,HIV-1
CASSLGSTEAFF,HLA-A*03:01,B2M,MHCI,KLGGALQAK,IE1,CMV
CASSLGSTEAFF,HLA-A*02:01,B2M,MHCI,LLYDANYFL,ORF3,SARS-CoV-2
CASSLGDRNTEAFF,HLA-A*02:01,B2M,MHCI,LLFGYPVYV,Tax,HTLV-1
CASSESGTGDYEQYF,HLA-DRA*01,HLA-DRB1*01,MHCII,PKYVKQNTLKLAT,HA,InfluenzaA
CASSWGPNTGELFF,HLA-A*03:01,B2M,MHCI,KLGGALQAK,IE1,CMV
CASSIGGTEAFF,HLA-A*02:01,B2M,MHCI,LLYDANYFL,ORF3,SARS-CoV-2
CASSLASGGLNEQFF,HLA-DRA*01,HLA-DRB1*01,MHCII,GMFNMLSTVLGVS,PB1,InfluenzaA
CASSPLAGGADTQYF,HLA-DRA1*01,HLA-DRB1*15,MHCII,LLQTGIHVRVSQPSL,pp65,CMV
CASSLVPGHNEQFF,HLA-A*01:01,B2M,MHCI,TTDPSFLGRY,NSP3,SARS-CoV-2
CASSPGRRSYEQYF,HLA-A*03:01,B2M,MHCI,KLGGALQAK,IE1,CMV
CASSPDPNTGELFF,HLA-A*02,B2M,MHCI,YLQPRTFLL,Spike,SARS-CoV-2
CASSEGNYNEQFF,HLA-A*03:01,B2M,MHCI,KLGGALQAK,IE1,CMV
CASSFGQGNTEAFF,HLA-A*02:01,B2M,MHCI,GLCTLVAML,BMLF1,EBV
CASSLAGGTEAFF,HLA-A*03:01,B2M,MHCI,KLGGALQAK,IE1,CMV
CASTGTDYGYTF,HLA-B*57:01,B2M,MHCI,KAFSPEVIPMF,Gag,HIV-1
CASSSGTANTEAFF,HLA-A*03:01,B2M,MHCI,KLGGALQAK,IE1,CMV
CASSLAGGSDTQYF,HLA-A*02,B2M,MHCI,NLVPMVATV,pp65,CMV
CASSFSQNTEAFF,HLA-B*08:01,B2M,MHCI,RAKFKQLL,BZLF1,EBV
CASSLRDSSYEQYF,HLA-A*02:01,B2M,MHCI,LLWNGPMAV,NS4B,YFV
CASSLGFTDTQYF,HLA-A*02:01,B2M,MHCI,GILGFVFTL,M,InfluenzaA
CASSLGFTDTQYF,HLA-A*11:01,B2M,MHCI,AVFDRKSDAK,EBNA4,EBV
CASSLGFTDTQYF,HLA-B*08:01,B2M,MHCI,RAKFKQLL,BZLF1,EBV
CASSLGFTDTQYF,HLA-A*03:01,B2M,MHCI,KLGGALQAK,IE1,CMV
CASSLGFTDTQYF,HLA-A*03:01,B2M,MHCI,RLRAEAQVK,EBNA3A,EBV
CASSLGFTDTQYF,HLA-A*11:01,B2M,MHCI,IVTDFSVIK,EBNA4,EBV
CASSPGSTDTQYF,HLA-A*01:01,B2M,MHCI,VTEHDTLLY,pp50,CMV
CASSLGVSYNSPLHF,HLA-A*02,B2M,MHCI,NLVPMVATV,pp65,CMV
CASSSTGNTEAFF,HLA-DRA*01,HLA-DRB1*01,MHCII,GLIYNRMGAVTTEV,M1,InfluenzaA
CASSLSRASTDTQYF,HLA-A*03:01,B2M,MHCI,KLGGALQAK,IE1,CMV
CASSLGGGNTEAFF,HLA-A*02,B2M,MHCI,NLVPMVATV,pp65,CMV
CASSLGGGAYEQYF,HLA-A*02:01,B2M,MHCI,ALYGFVPVL,GANAB,HomoSapiens
CASSLGGGAYEQYF,HLA-A*01:01,B2M,MHCI,DTDFVNEFY,RNP,SARS-CoV-2
CASSPGTGGNSPLHF,HLA-A*02,B2M,MHCI,GLCTLVAML,BMLF1,EBV
CASSLRGNEQFF,HLA-B*52:01,B2M,MHCI,YLAMPFATPMEAELARRSLA,NY-ESO-1,HomoSapiens
CASSLRAGSYNEQFF,HLA-A*03:01,B2M,MHCI,KLGGALQAK,IE1,CMV
CSVGEGNQPQHF,HLA-A*02,B2M,MHCI,GILGFVFTL,M,InfluenzaA
CASSLYGGYEQYF,HLA-A*02:01,B2M,MHCI,YLQPRTFLL,Spike,SARS-CoV-2
CASSLAGGGQPQHF,HLA-A*03:01,B2M,MHCI,KLGGALQAK,IE1,CMV
CASSPQGYEQYF,HLA-A*02,B2M,MHCI,LLWNGPMAV,NS4B,YFV
CASSPGQGSSYEQYF,HLA-B*08:01,B2M,MHCI,RAKFKQLL,BZLF1,EBV
CASSLSRQPQHF,HLA-A*02,B2M,MHCI,NLVPMVATV,pp65,CMV
CASSLGRGQETQYF,HLA-B*57:01,B2M,MHCI,KAFSPEVIPMF,Gag,HIV-1
CASSTGSYGYTF,HLA-A*02:01,B2M,MHCI,GILGFVFTL,M,InfluenzaA
CASSTGSYGYTF,HLA-A*02:01,B2M,MHCI,NLVPMVATV,pp65,CMV
CASSLGQGSSYEQYF,HLA-A*03:01,B2M,MHCI,KLGGALQAK,IE1,CMV
CASSPGQTNYGYTF,HLA-B*57,B2M,MHCI,KAFSPEVIPMF,Gag,HIV-1
CASSPGQTNYGYTF,HLA-B*57:01,B2M,MHCI,KAFSPEVIPMF,Gag,HIV-1
CASSIFGGQPQHF,HLA-A*02,B2M,MHCI,GILGFVFTL,M,InfluenzaA
CASSIFGGQPQHF,HLA-A*02:01,B2M,MHCI,GILGFVFTL,M,InfluenzaA
CSARDRVEEKLFF,HLA-A*68:01,B2M,MHCI,DATYQRTRALVR,NP,InfluenzaA
CASSRQNTGELFF,HLA-B*07:02,B2M,MHCI,RPHERNGFTVL,pp65,CMV
CASSLQGGNEKLFF,HLA-A*03:01,B2M,MHCI,KLGGALQAK,IE1,CMV
CASSPSGRYNEQFF,HLA-A*02,B2M,MHCI,NLVPMVATV,pp65,CMV
CASSPGQAYEQYF,HLA-A*02,B2M,MHCI,LLWNGPMAV,NS4B,YFV
CASSNRASEKLFF,HLA-A*02:01,B2M,MHCI,GILGFVFTL,M,InfluenzaA
CASSWGDSYNEQFF,HLA-A*03:01,B2M,MHCI,KLGGALQAK,IE1,CMV
CASGGNEQFF,HLA-A*03:01,B2M,MHCI,KLGGALQAK,IE1,CMV
CASSRDTQETQYF,HLA-DRA1*01,HLA-DRB1*15,MHCII,LLQTGIHVRVSQPSL,pp65,CMV
CASSGTNYGYTF,HLA-B*57:01,B2M,MHCI,KAFSPEVIPMF,Gag,HIV-1
CASSLVQNTEAFF,HLA-A*02:01,B2M,MHCI,CINGVCWTV,NS3,HCV
CASSQGTGGGYGYTF,HLA-B*08:01,B2M,MHCI,RAKFKQLL,BZLF1,EBV
CASSLGLAGTYEQYF,HLA-A*03:01,B2M,MHCI,KLGGALQAK,IE1,CMV
CASSEGDSNQPQHF,HLA-A*03:01,B2M,MHCI,KLGGALQAK,IE1,CMV
CASSLGQGEQYF,HLA-DRA*01,HLA-DRB1*01,MHCII,PKYVKQNTLKLAT,HA,InfluenzaA
CASSTGQGNTEAFF,HLA-A*03:01,B2M,MHCI,KLGGALQAK,IE1,CMV
CASGDRGYNEQFF,HLA-A*03:01,B2M,MHCI,KLGGALQAK,IE1,CMV
CASGDRGYNEQFF,HLA-A*11:01,B2M,MHCI,AVFDRKSDAK,EBNA4,EBV
CAIQYRGNQPQHF,HLA-A*02:01,B2M,MHCI,GLCTLVAML,BMLF1,EBV
CASSATSGGADTQYF,HLA-A*02,B2M,MHCI,LLWNGPMAV,NS4B,YFV
CASSSTGELFF,HLA-A*03:01,B2M,MHCI,KLGGALQAK,IE1,CMV
CASSSTGELFF,HLA-A*02:01,B2M,MHCI,FLASKIGRLV,PLA2G6,HomoSapiens
CASSLGGNQPQHF,HLA-A*01:01,B2M,MHCI,LTDEMIAQY,Spike,SARS-CoV-2
CASSEQDSTDTQYF,HLA-A*03:01,B2M,MHCI,KLGGALQAK,IE1,CMV
