cluster_number	number_tcrs_in_cluster	total_multiplicity	is_cancer_assoc
7103	5	567	True
43540	3	362	False
12943	11	402	True
44046	11	474	False
47480	1	189	False
23621	1	193	False
27670	6	186	True
32450	1	247	False
51230	1	189	False
42944	5	187	False
2896	2	46	False
49023	4	104	False
39658	3	58	False
47439	1	528	False
36729	2	75	False
29439	6	118	True
51076	2	163	False
25194	8	120	True
8778	3	187	False
39660	4	81	False
34794	1	60	False
47106	6	110	False
1522	4	93	False
13568	7	76	False
15365	1	79	False
20890	3	124	False
15129	1	93	False
51231	2	124	False
23512	2	63	False
32108	5	97	False
24361	1	64	False
20891	7	66	True
25202	1	74	True
3364	1	89	False
39089	1	53	False
7795	3	80	False
1535	5	49	False
28336	5	46	False
32103	9	30	False
12937	10	49	True
14910	1	87	False
20169	2	115	False
4673	1	32	False
8204	5	34	True
2249	1	28	False
35645	7	43	True
31740	3	48	False
28796	1	102	False
375	1	39	False
47415	6	49	True
34426	11	120	True
21550	4	30	False
14918	2	39	False
12481	1	44	False
13426	1	29	False
32107	4	78	False
8016	2	59	False
22762	1	43	True
51128	1	36	False
50030	2	55	True
31753	3	15	False
2327	4	143	False
1724	1	55	False
27586	1	22	False
51361	1	23	False
48195	1	16	False
1374	1	25	False
29248	3	60	False
23808	2	38	False
25973	3	20	False
18768	5	41	False
30770	1	21	False
32120	1	21	False
37816	2	25	False
50903	1	30	False
7097	4	48	True
38686	3	37	False
7123	1	34	False
12126	1	47	False
50872	1	5	False
5027	4	22	True
11108	1	12	False
1978	2	24	False
30796	1	22	False
42163	1	28	False
25652	2	32	False
20887	7	62	True
33591	6	95	False
11953	4	28	False
33878	2	31	False
27298	1	23	False
39488	1	15	False
15590	1	28	True
31723	23	55	False
16075	1	80	True
35690	1	44	False
20905	3	31	True
33847	4	29	True
30439	2	17	False
44963	1	31	True
48606	2	33	False
43693	1	42	False
22165	1	10	True
42496	2	51	False
50669	2	23	False
36432	1	18	False
22763	4	24	True
35694	1	21	False
27661	3	17	True
27460	7	29	True
8209	7	22	False
25645	7	33	True
31298	6	37	False
30763	1	17	False
18769	2	29	True
13987	1	30	False
31716	13	84	False
26904	7	32	False
11497	1	15	False
30757	3	13	False
26900	12	52	True
39347	1	19	False
8205	12	48	True
32144	1	28	False
33764	2	20	True
16144	1	55	False
22764	1	7	False
26598	1	37	False
27487	1	11	True
21036	1	27	False
22323	1	3	False
1532	8	23	True
808	2	13	True
51757	2	28	True
31712	1	11	False
46592	2	28	False
6335	1	83	False
27660	4	15	True
41553	4	19	True
18775	5	48	True
8719	1	19	False
24564	6	52	True
31138	4	22	True
24589	1	11	False
34446	4	39	True
16361	1	18	False
50029	3	26	False
49412	2	16	False
31288	2	37	True
32448	2	24	False
35718	2	19	False
16645	1	68	False
37901	4	17	True
25673	1	19	False
17639	1	13	False
22644	6	47	True
36687	2	14	False
22335	1	9	False
32471	2	23	False
40203	3	32	False
23546	1	15	False
9514	5	72	False
26906	1	16	True
34600	5	27	True
50897	2	25	True
3868	1	6	False
33325	3	16	False
27497	1	16	False
29273	1	10	False
39971	2	29	True
20729	1	21	False
35908	1	39	False
19022	1	12	False
52227	2	13	False
27672	4	24	False
9881	1	16	False
9220	2	11	False
1309	7	17	True
30740	3	22	True
51760	1	11	False
33768	1	18	False
44623	1	17	False
26903	2	17	True
17435	4	19	False
765	3	15	False
47947	1	39	False
41811	3	10	True
33393	1	9	False
50878	10	23	False
32420	1	12	False
12228	1	11	False
2340	1	32	False
35905	1	15	False
22135	2	9	False
24882	1	11	False
27494	1	15	False
40189	3	11	False
3660	1	16	False
42979	1	13	False
6860	1	6	False
37911	2	24	False
2387	1	18	False
13722	1	17	False
38086	1	11	False
8149	1	9	False
42516	2	10	False
47665	1	7	True
52246	1	20	False
18764	3	14	True
3223	1	2	False
10066	3	25	True
41829	1	3	False
46460	1	11	False
36855	1	13	False
28570	7	28	True
3667	3	10	False
18235	2	11	False
18240	1	17	False
51221	5	14	False
42943	7	19	False
1525	2	12	True
22326	2	8	False
9386	1	9	False
23776	1	24	False
13289	2	8	False
29256	1	15	False
1795	4	22	False
47956	1	39	False
6615	1	8	False
48587	3	26	True
18551	2	24	False
15139	6	15	False
36384	3	8	False
2244	1	9	True
7525	2	27	True
1639	1	13	False
51215	7	23	True
24565	10	24	True
42175	3	24	False
19936	1	7	False
14708	2	7	False
46552	1	15	False
51245	1	10	False
20888	5	14	False
27515	1	6	False
50917	6	26	False
26909	2	12	True
50077	1	9	True
33349	2	26	False
13808	5	19	True
11962	1	7	False
26907	4	10	True
33848	4	31	False
16639	7	48	True
33330	7	29	False
37811	2	11	True
39325	1	5	False
16439	3	18	False
50867	1	10	True
44951	1	7	False
44047	6	15	True
3665	1	16	False
48184	1	2	False
17053	1	4	False
39989	4	50	False
50053	2	11	False
27475	1	8	True
3687	1	11	False
14041	1	21	False
18816	2	10	False
23503	3	17	True
4428	1	6	True
25843	1	6	False
18578	2	11	False
42994	1	6	False
41928	1	2	False
50651	1	11	True
23816	2	6	False
9384	4	22	True
37805	11	25	True
10960	1	7	True
11295	1	28	False
6156	1	6	True
40412	2	18	False
16420	8	18	False
46751	5	18	False
42492	6	15	True
51748	2	8	False
13974	6	12	False
28338	2	8	False
51137	1	4	False
35711	1	5	False
35679	1	5	False
23822	1	7	False
52012	1	6	False
50222	1	4	False
33326	3	18	False
44622	5	18	True
52255	1	10	False
34436	10	34	True
22149	2	3	False
18983	1	8	False
1294	4	11	True
31742	4	15	False
12461	1	9	True
30028	1	7	False
9378	5	19	True
23497	9	23	True
22313	6	14	True
7088	3	16	False
8043	1	6	False
31436	1	5	True
2903	1	2	False
27463	2	6	False
39701	4	14	False
1310	3	8	True
28324	2	12	False
19626	2	9	True
21584	1	4	False
2916	1	2	False
39695	1	4	False
3743	1	10	False
42939	1	4	False
40993	2	6	True
47675	3	9	False
39078	5	7	False
41943	1	7	False
17037	1	6	False
16649	4	23	True
21557	3	12	False
17031	3	9	True
39013	1	7	False
42023	1	6	False
37222	6	24	False
52242	2	9	True
15170	1	3	False
24459	5	14	False
35664	2	9	True
5039	2	8	True
37595	3	5	False
21716	1	8	False
47104	1	6	False
39711	1	10	False
44061	8	17	True
6620	4	5	False
8424	1	13	False
5026	8	33	True
33864	3	11	False
20727	1	8	False
37902	2	8	False
26046	1	18	False
36193	1	9	False
41827	2	3	False
42036	1	7	False
20906	2	4	False
24457	2	3	False
41809	1	4	False
44988	3	8	False
25974	1	5	False
6621	2	7	False
14583	1	5	False
33857	3	8	False
20881	9	12	False
44062	3	15	True
41807	2	5	False
3714	2	5	True
34433	1	12	False
5024	7	28	False
34054	1	3	False
1958	1	4	False
1986	1	3	False
32608	2	5	True
25206	3	8	False
1600	1	7	False
1526	4	16	False
27287	2	9	False
25971	5	7	False
26801	1	4	False
33379	1	5	False
25649	4	19	True
31830	1	8	False
29087	2	12	False
27686	2	13	False
22769	4	11	True
25224	3	15	False
46933	1	24	False
37591	7	16	True
31978	1	9	False
22328	3	15	True
16427	1	4	False
15299	5	17	True
50864	1	14	True
26905	5	9	False
35724	1	12	False
26736	2	6	False
49029	2	4	True
23111	1	51	False
28810	1	8	False
15012	1	3	False
775	4	11	True
28355	2	4	False
17045	1	8	False
8213	2	7	False
27927	2	7	False
16437	2	7	False
11496	1	3	False
14913	2	5	False
1537	1	7	True
50873	1	4	False
22373	1	5	True
39690	2	7	True
23498	7	28	True
6618	2	12	False
51239	3	22	True
38346	3	11	False
32614	1	5	True
22144	1	1	False
9867	4	19	False
8684	1	4	False
48172	2	2	True
42936	1	6	False
48174	1	1	False
51240	1	4	True
24244	1	1	False
7672	1	5	False
47957	1	1	False
27289	1	10	True
36688	2	5	False
3910	1	2	False
2248	1	5	False
1801	3	6	True
41630	1	5	False
27479	1	4	True
35648	1	11	False
28105	4	7	False
36737	1	11	False
7118	2	20	False
6702	1	5	False
36922	1	5	False
22146	2	4	False
4601	5	8	False
36011	1	9	False
18940	6	16	False
27327	2	7	False
44065	2	7	True
7094	1	33	True
44188	1	5	False
1814	2	9	False
27042	2	3	True
4593	2	3	False
18560	2	6	False
42006	1	2	False
39685	1	6	False
51743	3	10	False
27700	1	2	False
742	5	14	False
7084	6	8	False
24226	3	12	False
20378	1	4	False
2578	1	3	False
7532	1	18	False
2362	1	5	False
8539	2	14	False
33845	8	20	False
51032	2	4	False
50880	2	4	False
30793	2	3	False
3071	1	2	False
44962	2	3	True
1538	2	10	True
39475	4	6	True
37817	2	4	True
30975	6	9	True
25450	6	50	False
30280	8	8	True
19640	2	11	False
16446	1	7	False
21043	1	5	False
367	3	11	False
13997	1	4	False
33852	2	3	True
40374	1	3	False
3658	2	6	True
51766	1	4	False
25968	6	23	False
37594	2	11	False
44064	5	7	True
20962	1	2	False
51212	2	7	False
25233	1	7	False
515	2	15	False
34432	5	8	True
34631	1	11	False
30299	4	6	True
35084	3	7	True
15751	2	4	False
1797	5	16	True
47902	1	21	True
42024	3	6	False
52238	2	4	False
23592	10	51	False
14002	1	6	False
27266	1	3	False
43625	1	4	False
20889	2	7	True
39320	2	5	True
1292	5	7	True
52217	8	17	False
35737	1	1	True
7950	1	2	True
7957	3	15	True
25970	11	22	False
20741	2	3	True
19201	1	2	False
28374	1	3	False
20933	1	3	False
17434	1	1	False
43533	4	11	False
7938	1	2	False
35647	2	13	False
31152	1	6	False
759	2	3	False
30772	1	8	False
31829	1	2	False
15313	3	4	False
39964	2	9	True
2180	4	12	True
34310	1	5	False
36381	3	33	False
8537	3	10	True
46598	1	4	False
37225	4	16	True
27326	2	3	False
23774	7	11	True
50646	2	5	False
49033	4	11	True
40987	4	8	True
27800	1	3	False
24232	1	4	False
46906	5	15	True
12477	1	18	False
52342	1	25	False
15672	1	17	False
29597	4	10	False
18714	1	6	False
14905	2	5	False
46028	4	8	False
20576	1	2	False
28330	2	5	False
1809	1	3	True
37574	1	9	False
44859	1	18	False
12962	2	3	False
37221	1	12	False
6804	2	6	False
16422	7	15	False
18963	2	3	False
1577	1	2	True
29199	1	8	False
34210	1	3	False
10634	2	4	False
36386	1	5	True
25212	8	19	True
39085	3	6	False
45380	3	10	True
16461	1	7	False
9864	2	6	False
42531	1	2	False
43178	2	4	False
34430	6	10	True
42160	2	7	False
45643	1	5	False
31722	2	3	False
20127	3	7	False
32114	2	14	False
33865	2	6	False
7808	2	16	False
32504	2	14	False
50869	5	14	True
20728	1	3	False
51216	5	7	False
33772	1	1	False
31719	1	5	False
8212	7	23	True
33347	1	11	False
25726	1	2	False
47419	4	10	False
33344	6	9	False
6762	8	14	False
17834	2	2	False
29786	2	5	False
1592	2	3	False
32118	4	8	False
39649	2	9	False
30753	2	8	False
22908	2	3	True
29771	2	4	False
27692	2	4	False
39338	1	3	False
19053	1	9	False
1550	2	3	False
18256	1	3	False
39667	4	9	False
3691	1	1	False
17034	3	5	False
13288	2	5	False
44055	4	6	True
734	10	18	False
34908	2	3	False
25221	1	2	False
6763	1	2	False
18979	1	1	False
21694	1	4	False
34097	3	5	True
35657	3	10	False
36382	8	15	True
22761	7	9	True
1330	1	3	False
36700	2	10	False
39332	1	3	False
28350	1	3	False
28331	1	4	False
1302	1	6	True
25236	1	2	False
8366	1	2	False
42942	1	5	False
11229	2	18	True
5625	2	6	False
28842	3	5	False
40978	12	24	False
23610	1	3	False
52263	1	3	False
11471	3	4	True
30059	1	4	False
33851	4	5	True
8694	2	2	False
27477	3	11	False
27466	1	5	True
18765	5	11	True
51783	1	2	False
741	2	2	False
40984	2	4	False
42391	1	1	False
30778	4	4	True
20554	4	10	False
36711	2	3	False
10099	1	1	False
12944	1	7	False
2323	4	25	True
25643	6	14	False
34598	5	16	False
42012	6	9	False
3110	1	1	False
40195	1	1	False
1533	1	1	False
43549	1	2	False
23794	1	2	True
35667	4	7	False
8058	1	3	False
3695	1	2	False
35083	2	3	False
24583	2	2	False
34760	1	2	False
34439	1	2	False
11465	2	4	False
44651	1	2	False
16256	1	10	False
42057	2	4	False
14908	1	3	False
1645	1	2	False
7799	1	2	True
43556	4	7	False
27486	1	3	False
31144	3	5	True
47825	2	4	False
34103	4	5	True
29247	7	12	True
11275	1	1	False
22768	1	4	False
44959	7	19	True
49649	1	2	False
14024	2	3	False
47234	1	2	False
27802	1	3	False
33854	5	10	True
1568	5	13	True
1588	4	11	True
32290	2	2	False
20791	1	2	False
39477	1	5	False
35678	4	6	False
10967	1	2	False
45195	1	2	False
779	2	2	True
36214	1	3	False
6607	3	3	False
2924	1	2	False
39128	1	4	False
26605	2	3	False
33587	2	9	True
2321	1	22	False
12936	3	5	False
5023	2	3	False
47166	1	1	False
1612	1	2	False
37905	2	2	False
18835	1	2	False
22760	3	6	True
51262	1	2	False
802	1	5	True
6378	2	4	False
28363	2	2	False
31429	3	5	True
41568	1	2	False
25200	9	13	True
44169	1	2	False
26589	2	4	False
34428	3	10	True
27922	3	5	True
4621	3	6	False
52241	3	6	False
361	8	8	True
4852	1	2	False
40212	2	3	False
8711	1	1	False
23896	1	2	False
23547	1	2	False
31724	2	3	False
3867	3	3	False
18074	1	3	False
22507	1	1	True
36189	1	2	True
24567	1	5	False
35080	2	5	False
33759	3	8	False
1311	2	3	False
46103	1	2	False
7111	1	3	False
50434	1	1	False
22641	2	3	False
1844	1	3	False
25235	1	2	False
15305	2	5	False
21046	3	5	False
19652	1	10	True
6770	1	1	False
40414	2	4	False
9879	2	3	False
4874	1	2	False
6769	4	10	False
13973	3	3	True
31295	1	1	False
47135	1	2	False
27560	1	2	False
33844	7	29	False
33417	2	2	False
20892	3	3	True
6634	1	1	False
50439	1	1	False
9215	3	5	False
6629	3	4	False
24221	1	8	False
24215	1	4	False
27662	1	6	False
48202	1	5	False
6248	1	1	False
28572	2	7	True
5808	1	8	False
38772	1	2	False
21567	1	2	True
52240	1	1	False
33360	4	6	False
50027	3	4	False
7798	7	13	True
27500	1	1	False
25172	1	2	False
27514	1	3	False
8716	1	2	False
43614	2	4	False
1536	4	5	False
14200	1	6	False
39462	4	6	True
12177	1	1	False
38395	1	1	False
6611	1	1	False
30742	1	3	False
28109	4	6	True
768	2	3	False
25208	1	2	False
13138	1	14	True
34425	4	10	False
35090	2	3	False
5655	1	6	False
28567	1	2	True
18574	1	2	False
38734	1	1	False
29078	3	4	False
27305	2	6	False
51753	1	1	False
12166	1	3	False
23798	1	1	False
23831	1	2	False
35656	1	4	True
31147	2	4	False
50882	1	1	False
38039	1	2	False
8003	1	7	False
19241	1	1	False
25984	1	1	False
1960	2	2	False
30989	2	7	True
36929	3	5	False
21041	3	6	True
51225	2	3	False
29770	2	5	False
36392	1	1	False
743	4	5	False
10432	1	1	True
31610	1	1	False
24231	1	1	False
1815	3	8	False
26587	4	7	False
18793	1	1	False
16848	1	1	False
47641	5	6	True
19692	1	12	False
19843	1	6	False
42928	4	9	True
23743	1	1	False
44625	4	17	False
44689	1	1	False
31287	3	4	False
854	1	1	False
8208	2	4	False
24517	1	3	False
46823	1	1	False
13992	1	2	False
14929	1	1	False
27457	4	7	False
1581	4	5	True
29082	1	1	False
38002	1	1	False
35655	4	11	False
39648	1	2	True
4600	2	2	False
18125	1	1	False
34900	1	1	False
21936	1	3	False
46044	1	1	False
740	4	5	True
1322	1	1	False
9232	1	2	False
47431	1	2	False
1822	1	2	False
49027	2	6	True
9208	3	5	True
32109	1	1	False
32622	1	1	False
52281	2	2	False
27123	6	8	True
23620	1	4	False
17423	2	4	False
29101	1	2	False
24859	1	2	False
46451	1	1	False
26732	5	13	True
19327	1	4	False
37918	2	2	False
31715	1	1	False
28369	1	1	False
44057	4	4	True
15606	1	1	True
42330	1	3	False
9224	2	4	False
39977	1	2	False
16113	2	11	False
44232	1	2	True
26609	1	1	False
16839	1	8	True
2747	1	9	False
32102	9	13	False
14512	2	5	False
6179	1	7	False
11988	1	2	False
6773	1	3	False
9868	3	6	False
1540	6	7	False
1547	3	4	False
50057	1	2	False
40200	1	1	False
13570	1	8	False
37808	1	1	True
39650	6	15	False
50866	3	7	False
7951	1	1	False
3350	1	1	True
43145	1	3	False
39321	6	9	True
33378	2	3	False
12938	7	8	False
1982	1	2	False
22640	2	5	True
28341	3	3	True
51283	1	3	False
3880	1	6	False
36761	1	1	False
7124	2	3	False
3915	2	2	True
382	1	3	False
44147	1	1	True
34427	2	3	False
25214	5	17	False
39075	2	4	False
46311	1	2	False
33338	1	1	False
21428	1	2	False
32968	1	4	False
28830	1	4	False
41028	1	1	False
13809	6	8	False
40416	1	2	False
47325	1	1	False
42013	3	8	True
27174	1	2	False
21906	1	3	False
30123	1	1	False
13991	2	3	True
50028	6	11	False
31304	4	10	True
1621	1	2	False
12232	1	3	False
31183	2	2	False
3757	1	1	False
39909	1	1	False
39644	2	3	False
19343	2	3	False
29445	4	6	True
51227	5	7	True
2742	1	2	False
51236	4	9	True
7105	1	2	False
41376	1	1	False
30310	1	1	True
39143	1	5	False
31757	1	4	False
5621	2	2	False
5618	2	2	False
9207	2	4	True
37607	1	1	False
29441	3	7	False
48782	2	6	True
16421	9	9	False
49409	2	4	False
33327	2	3	False
15144	1	1	False
24461	1	3	False
1593	1	1	True
42486	3	3	True
8709	3	4	False
1573	1	2	False
31167	1	2	False
25986	1	1	False
3346	1	1	False
39643	1	3	True
33372	2	2	False
49830	2	3	False
18263	1	4	False
38751	1	1	False
33773	3	6	False
28104	1	1	False
46184	1	3	False
7119	3	4	False
774	2	2	True
28101	1	2	False
29244	1	1	False
31763	1	2	False
42157	2	2	False
20911	1	2	False
7122	1	1	False
36948	1	2	False
31720	4	4	False
7116	2	3	False
36191	4	6	True
1335	1	4	False
30985	3	3	False
4500	1	2	False
34460	1	1	False
44160	2	3	False
49051	1	27	False
29275	1	1	False
40597	1	3	False
7581	1	5	False
28591	2	3	True
9397	4	4	False
4853	2	6	False
31306	1	1	False
30113	1	1	False
7807	2	2	False
27502	1	1	False
51056	1	6	False
39470	5	6	True
39680	2	10	True
3686	2	2	False
3669	1	6	False
39707	1	1	True
35834	1	1	False
18260	1	1	False
31313	1	2	False
6794	1	2	False
10966	1	1	True
744	1	2	False
51264	1	3	False
24559	7	12	True
22821	1	1	False
20907	1	2	False
46070	2	3	False
30780	1	5	False
3871	2	3	False
1291	4	4	True
38918	2	2	False
9237	1	1	False
32267	1	1	False
15665	1	1	False
39996	1	2	False
24263	1	1	False
1798	4	6	False
1817	1	2	False
15607	2	12	False
32117	2	12	False
31749	2	2	False
16107	1	1	False
31741	6	12	False
10079	1	2	False
6187	1	4	False
6784	1	4	False
42990	1	2	False
12978	1	2	False
27124	3	5	False
15438	1	1	False
38520	3	4	False
11473	2	6	False
46589	1	4	False
15136	1	1	False
49525	1	1	False
8538	2	3	False
15145	2	3	False
47126	1	1	False
8210	1	1	False
40368	1	2	False
20721	4	6	True
51725	3	5	True
33597	2	3	False
7139	2	7	False
1295	1	2	True
738	1	1	True
6638	1	1	False
2530	2	2	False
29243	3	8	False
39336	1	1	False
754	1	2	False
3909	1	2	False
34892	1	1	False
22505	2	6	True
19890	2	3	False
1821	1	5	False
34143	1	4	True
14383	1	2	False
52289	1	2	False
30273	4	4	True
40727	1	5	False
20125	1	1	True
28599	1	3	False
19631	2	4	False
35945	1	22	False
2336	1	2	False
7612	1	8	False
19634	2	4	False
6007	2	2	False
13569	3	3	True
49425	2	7	False
16452	1	1	False
23615	2	4	False
46879	1	1	False
46758	1	1	False
46760	1	2	True
37110	1	2	False
1561	2	3	True
40188	1	2	False
1578	2	2	False
8705	1	3	False
40197	1	1	False
50025	10	25	True
51755	1	1	False
33332	4	7	False
39469	3	4	True
7976	2	2	False
51733	1	2	True
20815	1	1	False
17615	1	1	False
19475	1	2	False
17638	1	3	False
49853	1	4	False
3657	1	1	True
38029	1	1	False
22500	1	1	False
23778	2	3	False
51835	1	1	False
40990	1	2	True
28334	2	2	False
13292	2	2	False
5430	1	1	False
7092	6	11	True
44053	2	3	False
31730	7	9	False
23594	2	4	True
25253	1	2	False
44815	1	1	False
25351	1	4	False
39074	1	1	False
31809	1	1	False
24025	1	9	False
27925	2	2	False
50272	1	1	False
28589	1	6	False
12934	1	2	False
6024	1	1	False
18565	3	4	False
359	5	5	False
32613	2	3	False
50059	1	3	True
27462	1	1	False
1626	1	1	False
43148	2	2	True
50925	1	1	False
22354	1	2	False
14727	1	1	False
50686	1	3	False
33392	1	1	False
34270	2	2	True
13816	3	4	False
10973	1	4	False
42950	1	3	False
33346	2	9	False
39324	2	4	True
44071	1	2	False
32110	1	1	False
33783	1	1	False
46042	3	4	False
28475	1	1	False
42159	1	1	False
36689	4	4	False
20901	3	3	True
20914	2	2	False
15358	2	2	True
39978	1	3	False
44491	1	3	False
38324	3	3	True
44434	1	1	False
25234	1	2	False
25230	1	1	False
1831	2	3	True
26604	2	2	False
20389	2	3	True
45420	1	4	False
44946	8	8	True
2738	2	2	False
10422	3	5	False
19866	4	14	False
6152	3	12	False
33369	1	1	False
33580	1	4	False
33339	5	8	False
31282	1	4	False
23602	3	3	False
31284	6	6	True
16453	1	4	False
363	1	5	False
24462	2	2	False
24467	2	2	False
30048	5	7	False
13970	2	4	False
34611	2	2	False
36286	1	1	False
530	1	1	False
42539	1	4	False
7825	1	1	False
18773	1	1	False
23496	1	2	False
39494	1	3	False
35689	1	1	False
22324	1	2	True
37913	1	1	False
3672	2	2	True
40827	2	2	True
3923	1	2	False
10077	1	1	False
28340	2	3	True
36209	1	3	False
36206	1	1	False
17043	2	8	True
9206	2	2	False
44076	1	1	False
27848	1	1	False
44050	1	1	False
46138	1	1	False
30808	1	1	True
36908	1	2	False
24281	1	1	False
4786	1	2	False
4429	8	14	True
49380	1	1	False
47639	10	11	True
19628	2	6	True
19638	1	2	False
6157	1	1	True
28808	2	4	False
7561	2	5	False
935	2	2	False
28683	3	6	False
37282	1	1	False
10972	1	1	False
26384	3	4	False
4596	3	3	False
18550	2	2	False
5025	4	8	False
5028	3	3	False
46762	2	2	True
30102	1	1	False
46763	1	1	True
31457	1	2	False
43572	2	2	False
7804	8	22	False
43201	1	1	False
18246	2	2	False
37809	1	2	True
51175	1	3	False
7949	3	7	False
37914	1	2	True
39688	2	2	False
19326	1	1	False
39677	1	3	False
22352	1	1	False
17610	4	6	False
43150	1	1	False
51789	1	2	False
40801	2	2	False
42938	2	2	False
3870	1	2	False
13583	1	1	False
1293	1	1	False
792	1	1	False
1334	1	1	False
17051	2	3	False
30759	1	1	False
33765	2	4	False
34894	1	1	False
36196	1	1	True
24255	1	1	False
24268	2	5	False
5059	1	1	False
14381	1	1	False
48791	2	5	False
22264	1	1	False
5403	1	2	False
11214	1	1	True
28569	2	2	False
1056	1	7	False
7787	1	1	False
27140	1	3	False
8234	1	2	False
15143	3	3	False
27130	1	1	False
15123	3	10	False
33337	2	2	False
40474	1	3	False
27126	4	5	True
31817	1	3	False
5029	1	2	False
18969	1	2	False
32483	1	1	False
27470	1	1	False
8691	2	3	False
42488	2	3	False
32457	1	3	False
40185	1	8	False
7865	1	1	False
23844	1	2	False
50875	2	4	False
22334	1	5	False
50885	1	3	False
39780	1	1	False
37960	1	1	False
39705	2	2	False
3676	1	3	False
37903	1	4	False
29463	1	1	False
36393	1	1	False
33345	2	3	False
16433	2	3	False
36091	1	1	False
24586	1	1	False
36696	3	5	False
47705	1	1	False
47450	1	2	False
18119	1	1	False
34109	1	1	False
6614	4	7	False
42423	2	5	False
4449	2	2	False
22506	5	9	True
746	2	4	False
46027	2	4	False
47416	2	2	False
19880	2	2	True
30974	2	11	False
42941	1	1	False
22642	3	3	True
24234	1	1	False
1820	3	5	False
24286	1	4	False
42471	1	2	False
27044	7	9	False
46436	1	1	False
13119	3	5	False
11233	1	2	False
30518	3	5	True
34462	1	1	True
28566	2	2	False
6163	2	5	True
28590	2	2	True
5805	3	11	True
42953	3	3	False
49637	1	3	False
16253	2	2	False
49504	1	2	False
40413	2	3	False
17453	1	1	False
17452	2	3	False
24478	1	1	False
1546	2	3	False
42526	1	5	False
43543	1	1	False
43584	1	1	False
9137	1	2	False
1570	3	7	True
1586	2	3	True
31140	2	3	True
3352	2	5	False
23501	1	6	True
35699	2	2	False
37982	1	1	False
18786	1	3	False
18266	1	3	False
25997	2	3	False
26043	1	1	False
27918	1	2	False
45654	1	1	False
51232	1	2	True
735	1	2	False
41563	1	1	True
20886	7	8	True
28177	1	1	False
20908	2	7	False
34870	1	1	False
31019	1	1	False
42168	1	1	False
34559	1	1	False
47635	4	6	False
50440	1	2	True
44094	1	1	False
10426	2	3	False
29465	1	1	False
34442	1	2	False
1829	1	1	False
1824	1	2	False
26603	2	5	False
20418	1	2	False
4608	1	1	False
24832	1	2	False
31683	1	3	False
15301	4	14	False
37588	1	1	True
27916	1	4	True
5528	1	6	False
44968	1	1	True
16068	4	4	True
6162	2	2	False
7651	1	2	False
28673	1	1	False
7531	3	12	False
22169	1	1	False
28625	3	3	False
16423	3	3	False
29788	1	1	False
34605	2	3	False
27129	3	7	False
8541	2	4	True
49446	1	3	False
9875	1	1	True
52232	2	2	False
18564	1	4	False
32609	15	20	True
15591	1	1	False
12980	1	1	False
21723	1	1	False
46777	1	2	False
17429	2	2	False
40204	3	3	False
42494	2	2	False
40983	1	1	False
39464	2	2	False
22341	1	2	False
50650	2	3	False
3679	1	2	False
37810	1	2	False
42927	2	2	True
11180	1	1	False
27703	1	1	False
34897	1	2	False
7110	3	6	True
30536	1	2	True
50172	1	1	False
23040	2	2	False
6641	1	1	False
33767	1	1	True
48585	1	1	False
30986	2	4	False
30797	1	1	False
782	2	2	False
8452	1	1	False
37618	1	2	True
31454	1	1	True
32832	1	1	False
41519	1	1	False
44953	2	3	True
44263	1	4	False
9717	1	1	False
39071	1	4	False
7288	1	1	False
14357	1	2	False
39117	1	1	False
43017	1	7	False
40577	4	6	True
17836	1	1	False
28600	1	1	False
28587	3	7	True
28869	1	1	False
5832	1	2	False
7537	1	2	False
28626	1	3	True
8307	1	1	False
8546	3	11	False
44711	2	2	False
21564	1	1	False
4856	1	1	False
46593	1	1	False
4881	1	1	False
368	1	3	False
40424	1	1	False
22153	2	3	False
28122	4	5	False
9542	1	2	False
47129	2	2	False
1615	1	1	False
50045	1	2	False
48615	1	2	False
40206	1	1	False
43531	2	2	False
18426	1	1	False
3739	1	1	False
22337	1	1	False
14787	1	1	False
26743	1	1	True
18760	4	5	False
47027	1	2	False
51276	1	1	False
10971	2	2	False
22776	3	3	False
49038	3	4	False
30774	2	4	False
6610	2	3	False
13811	2	2	False
44981	1	1	True
1807	1	1	False
32116	2	4	False
27050	6	6	False
22648	3	4	True
42926	7	15	True
24561	1	3	False
31281	2	4	False
20126	1	3	False
8444	2	3	False
39972	1	1	True
2195	1	6	False
14515	1	1	False
28588	1	1	False
19671	2	2	False
1977	1	1	False
52216	2	2	False
52247	1	2	False
49433	1	3	False
9450	2	2	False
9391	2	4	False
34106	2	2	False
15061	1	1	False
21721	1	1	False
214	1	9	False
13984	1	1	False
18952	1	3	False
7845	1	1	False
32467	1	2	False
2917	1	1	False
1541	1	1	False
1596	3	3	False
31170	1	1	False
3341	2	5	False
26928	1	1	False
35661	1	1	False
35663	1	1	False
3670	1	1	False
35696	1	1	False
22329	2	2	False
20754	1	2	False
49880	1	1	False
31280	4	4	True
10075	1	1	True
39327	1	1	False
18037	1	1	False
6441	1	2	False
30754	2	3	True
22765	2	2	False
776	3	3	False
30739	2	2	False
36311	1	1	False
31003	1	1	False
17838	2	2	False
1808	3	4	False
26588	4	6	False
5660	1	1	False
46923	1	8	False
51851	4	17	True
50433	1	6	False
22300	1	2	False
4471	1	1	False
31798	1	1	False
42659	3	3	True
21253	1	1	False
44945	2	2	True
5461	3	4	False
43858	1	1	False
6158	2	2	False
6012	3	9	True
47992	1	1	False
17829	3	4	False
27176	1	1	False
16260	1	1	False
18601	1	3	False
31334	1	1	False
49035	4	7	False
8281	1	1	False
46764	1	1	False
46754	3	3	True
32453	1	6	False
50038	4	7	False
43535	2	2	False
25980	1	1	False
51730	2	4	False
3343	1	1	False
26925	2	2	False
49824	1	1	False
38072	1	1	False
15294	1	2	True
49053	2	2	False
24573	3	4	True
887	1	3	False
41352	1	1	False
47451	1	1	False
4625	2	2	False
1321	1	1	False
1359	1	1	False
46064	1	1	False
49326	1	1	False
28346	1	1	False
44080	1	1	True
3883	1	1	False
33589	1	1	True
21329	1	1	False
1828	3	3	False
10403	5	12	False
24237	1	1	False
44274	1	1	False
14360	2	2	False
26599	8	10	True
47636	8	9	True
26155	1	2	True
98	3	10	False
31718	8	18	False
15962	1	1	False
34503	1	1	False
10898	1	2	False
36383	3	4	False
37643	1	2	False
41588	2	4	False
28016	1	1	False
934	3	12	True
15298	1	1	False
11464	6	9	False
6788	1	1	False
37237	2	2	False
9869	2	2	False
19032	1	1	False
18953	2	3	False
24460	1	1	False
50034	1	1	False
42501	2	2	False
42542	1	1	False
29211	1	3	False
40199	1	1	False
19257	1	1	False
3675	1	3	True
50675	2	2	False
50696	1	1	False
7958	1	4	False
23788	1	1	False
31150	1	1	True
7977	1	1	False
31149	1	1	False
4609	1	1	False
31324	1	1	False
36801	1	1	False
1304	1	1	True
29444	2	4	False
5246	1	2	False
758	1	2	True
7085	1	1	False
15726	1	1	False
30756	1	1	False
36718	2	4	False
47417	1	1	True
22515	2	3	False
24574	1	1	False
51214	4	5	True
576	2	2	False
795	1	1	False
46033	1	2	False
47644	1	1	False
1842	1	1	False
44162	1	1	False
25954	1	1	False
7231	2	3	False
41549	2	3	True
97	1	2	False
21278	1	1	False
21087	1	1	False
4188	1	1	False
2185	4	5	True
5304	1	1	False
35060	2	3	True
38231	2	3	False
20131	3	3	True
31430	3	3	True
699	1	2	False
25644	6	8	True
28619	1	3	False
19859	1	1	False
7533	1	1	False
34652	1	1	False
4594	1	1	False
6761	7	7	True
44649	2	4	False
34649	1	3	False
48477	2	2	False
22643	2	2	True
14907	1	1	False
47105	3	3	True
18966	1	1	False
8699	2	3	False
7796	1	1	False
43563	4	4	True
8755	1	1	True
43579	1	1	False
51799	1	1	False
7964	2	2	False
51727	2	2	False
39777	1	1	False
20733	1	1	True
26761	1	1	False
39717	1	4	False
35671	2	2	True
3775	1	1	False
20228	1	3	False
36202	1	2	False
801	1	1	False
28332	1	1	False
7135	1	1	False
30979	6	7	True
1358	1	1	False
45672	1	1	False
34443	2	4	True
545	1	1	False
48765	1	1	False
47581	1	6	False
44248	1	1	False
26597	2	2	False
45389	1	1	False
20477	2	2	False
25710	1	4	False
16838	2	6	False
9531	1	1	False
10060	1	3	False
34899	1	1	False
395	2	4	False
22581	1	2	False
25786	1	4	False
16069	3	5	True
50175	1	2	False
21367	1	1	False
34463	1	3	False
5827	2	4	False
28671	1	1	False
23097	4	6	False
28564	2	3	False
7562	1	3	False
923	1	1	False
33342	2	2	False
29515	1	1	False
38848	1	1	False
48176	2	2	False
27133	2	5	False
15117	1	1	False
34638	1	1	False
14909	1	2	True
49681	1	1	False
15130	1	1	False
40410	5	6	False
4846	3	3	False
27142	2	2	False
52222	1	1	False
23606	1	1	False
37226	2	2	False
33753	1	1	False
33352	1	1	False
11475	1	3	False
47119	1	1	False
18958	1	1	False
24463	1	1	False
21701	1	1	False
7800	1	5	False
34083	1	3	False
37929	1	1	False
49848	1	3	False
18787	2	2	True
50898	1	1	True
1961	1	1	False
38526	1	4	False
17033	1	1	True
30815	1	1	False
3886	2	2	False
10379	1	1	False
28370	1	1	False
22907	2	2	True
17058	1	2	False
1297	1	1	False
26423	1	1	False
30786	1	1	False
46910	2	3	False
44200	1	1	False
44373	1	4	False
27048	3	6	True
26590	2	2	False
31717	5	10	False
16638	2	5	False
41367	3	6	False
43314	1	1	False
4435	7	8	False
13183	1	6	False
2181	1	6	False
20124	4	4	False
41808	1	2	False
44947	1	1	False
17832	1	2	False
13346	1	2	False
33322	1	8	False
33600	3	6	True
43847	3	3	False
17237	2	2	False
11236	4	12	True
39965	5	5	True
36923	1	2	False
33584	7	16	True
7527	2	2	True
40506	1	1	False
15582	1	1	False
11484	1	2	False
16443	1	1	False
6772	1	2	False
396	1	1	False
4373	1	1	False
18562	1	1	False
49416	2	4	False
40417	5	8	True
42021	1	3	False
52234	1	1	False
31762	2	2	False
24466	1	6	False
17430	3	14	False
44657	1	1	False
32292	1	3	False
42485	3	5	True
42513	1	1	False
24951	1	1	False
8712	1	1	False
35685	1	1	True
50670	1	1	False
50695	1	1	False
9536	2	2	True
36190	1	2	True
20551	2	2	False
115	1	1	False
3896	1	1	False
42171	1	1	False
50254	1	1	False
37167	1	1	False
3872	1	2	False
6606	1	2	False
5233	1	1	False
28106	3	5	True
34457	1	2	False
44202	1	1	False
44199	1	1	False
44278	1	1	False
27059	1	1	False
42463	2	2	False
17245	1	5	True
46331	2	2	True
44954	1	2	False
38590	1	3	False
15598	2	8	False
48597	1	2	False
26186	1	3	False
29272	1	2	False
42924	4	6	True
11678	1	1	True
19874	3	3	True
29942	1	1	False
10409	3	3	True
29772	3	3	True
14496	3	6	False
32142	1	3	False
5862	1	2	False
28596	2	3	False
35914	2	3	False
11518	1	1	False
35079	1	1	False
40550	1	1	False
21561	1	1	False
374	1	1	False
42022	1	1	False
42025	2	3	False
23609	3	4	False
27127	5	6	False
46749	1	1	False
21715	1	6	False
30052	1	5	True
14945	1	1	True
38717	1	1	False
31736	3	3	False
43557	1	2	False
49904	1	1	False
17613	1	1	False
17646	1	1	False
18761	2	3	False
18841	1	1	False
17073	1	4	False
22512	1	1	False
22795	1	3	False
36930	1	1	False
33763	3	3	True
7109	2	5	False
39981	2	2	False
44305	1	1	False
25894	1	1	False
39110	1	3	False
26671	2	2	False
24090	1	1	False
41834	1	1	False
11681	1	2	False
34266	2	12	True
45705	1	3	False
43292	1	1	True
16660	1	1	False
4433	2	2	False
44960	1	1	False
43842	4	10	False
50177	1	1	False
41551	4	4	True
506	4	7	False
28826	2	2	False
38507	1	1	False
22645	2	6	False
48422	1	1	False
52215	1	1	False
21553	3	3	True
18563	1	1	False
21554	1	1	True
27131	3	6	False
18749	1	1	False
8370	1	2	False
13972	2	3	False
47117	1	3	False
34624	2	2	False
7821	1	1	False
50047	2	2	False
18813	1	2	False
39465	1	1	False
18788	3	3	False
20725	1	4	False
12124	1	5	False
31296	1	1	True
44048	1	1	True
10969	1	2	False
1313	1	1	False
38521	1	1	True
36208	1	2	True
36212	1	1	False
30980	1	2	False
22830	1	1	False
1300	4	5	False
46036	1	1	False
30825	1	1	False
20880	2	2	True
31434	2	2	False
24247	1	1	False
44181	1	1	False
26586	1	1	False
14361	2	2	False
27049	3	3	False
51420	1	1	False
30960	1	4	False
10064	5	10	False
16647	1	2	False
40974	1	1	True
33188	1	1	False
34305	1	3	False
8258	1	1	False
17835	6	8	False
34477	1	1	False
19876	1	1	False
42796	1	1	False
19641	1	2	False
6005	4	25	True
7568	2	2	True
23113	1	10	False
5822	1	3	False
33353	1	1	False
22517	2	2	False
15131	1	1	False
11995	1	1	False
16418	3	3	True
44634	2	2	True
28598	1	1	False
11885	1	3	False
13968	1	1	False
47127	1	1	False
18971	2	3	False
32289	2	6	True
50032	2	2	False
51055	1	2	False
31142	2	3	False
39651	1	1	False
26764	1	1	False
35684	1	1	False
18248	1	1	False
26408	1	1	False
15785	1	1	False
30978	1	1	False
23042	1	1	False
17079	1	1	False
230	1	1	False
34416	1	1	False
2108	1	1	False
24608	1	3	False
24260	3	3	False
39119	1	1	False
20366	1	1	False
45395	1	1	False
16642	3	7	False
17828	3	3	False
31292	1	4	True
15966	1	1	False
25458	1	5	False
12729	1	4	False
13374	1	1	False
10070	1	3	False
15333	1	1	False
50184	1	2	False
36380	6	8	True
33609	2	3	True
9202	1	1	True
30534	1	1	False
20342	1	1	False
10677	1	2	False
5452	2	2	True
13580	1	1	False
31449	2	2	False
6202	1	1	False
2330	1	1	False
5814	3	12	False
28801	1	2	False
11618	1	1	False
23599	1	1	False
442	1	1	False
44627	5	6	False
18554	2	2	True
34593	4	6	True
16479	1	2	False
30049	2	2	False
30469	1	1	False
17483	1	1	False
26392	1	1	False
42975	1	1	False
27303	1	1	False
43142	1	1	False
20740	1	2	False
51028	1	1	False
19540	1	1	False
51063	1	1	False
37821	2	2	False
18239	1	2	False
3897	1	1	False
7087	2	4	False
25856	1	2	False
1827	1	1	False
24222	1	4	False
7234	1	1	False
26610	1	1	False
51434	1	1	False
32611	3	6	True
26157	1	6	True
26224	1	1	False
29443	3	5	True
16632	1	2	True
20550	5	19	True
37590	3	3	True
20945	1	1	False
17823	1	1	False
44955	1	1	True
51964	1	2	False
5449	2	2	True
2494	2	2	True
16858	1	2	False
20132	1	1	False
49028	2	2	True
23963	2	4	False
31460	1	1	False
31025	2	2	False
2342	1	1	False
28575	3	3	True
28832	3	4	False
40994	1	1	False
33564	1	1	False
52223	3	5	False
13389	1	2	False
31339	1	1	False
38698	1	1	False
15152	1	1	False
23613	1	2	False
49449	1	1	False
18588	1	1	False
9872	2	2	True
4848	2	4	False
16278	1	1	False
15349	2	2	False
41925	1	2	False
30213	1	1	False
24477	1	1	False
30061	1	1	False
18938	4	4	False
47132	3	5	True
24456	2	2	False
42508	2	3	True
47678	1	2	False
50033	3	4	False
27293	1	2	False
22346	1	1	False
26744	1	1	False
50862	1	1	True
19340	3	7	False
43164	1	1	False
43174	1	4	False
10977	1	1	False
39343	1	1	False
44063	1	1	False
15415	1	1	False
8398	1	2	False
34990	1	1	False
28362	1	1	False
28344	1	1	False
1318	1	1	True
38617	1	1	False
25226	1	2	False
24225	1	1	False
44204	1	2	False
25198	1	1	False
26600	2	2	False
26592	2	2	False
27047	1	1	True
39084	1	1	False
32128	2	2	False
45824	1	1	False
35321	1	2	False
20545	1	1	False
10062	1	1	False
34435	2	3	False
16875	1	2	False
23962	3	6	True
34895	1	1	False
12456	3	6	True
5213	1	3	False
26147	1	1	False
40837	1	1	False
16634	6	6	False
23711	1	5	False
42695	1	1	False
13007	1	2	False
16770	1	1	False
34445	5	5	True
41562	3	4	True
48192	1	2	False
11085	1	1	False
30971	1	1	False
35064	2	9	False
1082	1	1	False
28580	1	1	True
5800	3	4	False
6001	1	6	False
23185	1	2	False
22755	1	1	False
15326	2	2	False
11500	1	2	False
42035	2	2	False
6802	1	1	False
32663	1	1	False
44665	1	2	False
52256	1	2	False
40418	1	1	False
16419	3	3	True
14922	2	2	False
31294	2	5	False
21885	1	1	False
47144	1	1	False
22652	5	7	False
1562	1	1	False
1624	1	1	False
7939	2	3	False
49841	1	1	False
48710	1	1	False
20897	1	1	False
39365	1	1	False
28337	1	1	False
42946	1	1	True
44457	1	1	False
26594	1	1	False
39081	3	3	False
26618	2	3	False
39115	1	1	False
46358	1	1	False
1957	1	1	False
15594	2	4	True
26151	1	1	False
12847	1	1	False
6366	2	2	False
10408	4	4	True
23967	1	1	False
45269	1	1	False
11219	2	3	True
20135	2	4	False
33032	1	3	False
15727	1	1	True
2218	1	1	False
21029	1	1	False
2182	4	4	True
47684	2	2	False
40589	5	10	True
6155	2	3	True
5813	1	1	True
929	1	1	False
9379	5	6	False
38685	1	1	False
27166	1	1	False
18553	3	4	False
18624	1	1	False
52236	3	5	True
9521	1	1	False
43608	1	1	False
32484	1	1	False
24993	1	1	False
23789	1	1	True
26913	2	2	True
50884	2	2	True
50672	1	1	False
31137	5	7	False
44980	1	1	True
18114	1	1	False
12071	1	1	False
24229	1	3	False
27763	1	1	False
1803	3	3	True
7263	1	1	False
39116	1	3	False
20365	2	2	False
20398	1	1	False
46319	2	2	True
45393	2	3	False
20369	1	1	False
35329	1	1	False
51431	1	2	False
39975	1	1	True
34458	2	3	False
32610	2	2	True
21058	1	1	False
21940	2	5	False
9546	1	2	False
12464	2	3	False
9573	1	1	False
50293	1	2	False
6368	2	2	False
46967	1	1	False
15184	1	1	False
32944	1	1	False
34625	1	2	True
16074	1	1	True
24093	2	2	False
17825	2	2	True
23960	1	1	False
20145	2	3	False
43841	3	4	True
23981	1	3	True
48584	6	8	True
22905	1	2	False
16834	2	2	True
16430	4	7	False
28576	1	2	True
28592	2	4	False
5906	1	1	False
47925	2	2	False
13840	1	1	False
48490	1	1	False
15114	6	8	False
29605	1	1	False
34799	1	1	False
4894	1	1	False
40425	2	2	False
46605	1	1	False
9862	1	1	False
15242	1	1	False
20994	1	3	False
17424	1	1	False
46752	2	4	False
17450	1	1	False
37546	1	1	False
38700	1	1	False
29098	2	2	False
46458	1	1	False
17052	1	1	False
30747	5	5	False
2202	1	1	True
25231	2	3	False
24227	2	2	False
39296	1	1	False
51436	1	2	False
51458	1	2	True
45382	2	2	False
4368	1	1	False
46005	1	1	False
51443	1	1	False
46327	1	1	False
45828	1	1	False
35383	1	1	False
33861	1	1	False
2965	1	1	False
41443	1	1	False
47424	2	2	True
37106	1	3	False
5181	1	1	False
11685	1	1	True
16633	1	1	False
16676	1	1	False
16643	2	4	True
41643	1	5	True
29250	1	2	False
21245	1	3	True
543	1	2	False
42662	1	3	False
42672	1	1	False
9262	1	1	False
30272	1	2	False
48781	1	1	False
38331	2	6	False
10655	1	1	False
21317	1	1	False
47651	1	2	False
31307	1	1	False
42929	1	1	False
9381	4	4	False
26385	1	1	False
14912	2	2	True
48476	1	1	False
48450	1	4	False
47123	2	2	False
24475	1	1	False
1834	1	1	False
8999	1	1	False
7797	2	3	True
8182	1	2	False
15293	2	2	False
46034	1	1	False
20884	2	2	True
17063	1	1	False
39983	1	2	False
42976	2	2	False
44523	1	1	False
44176	1	1	False
7226	1	1	False
9737	1	2	False
20404	1	1	False
35338	1	1	False
24880	1	1	False
33849	3	3	True
20395	1	1	False
46353	1	1	False
10957	1	1	True
5306	3	6	False
46919	1	1	False
36407	1	1	False
5174	1	1	True
41358	1	2	False
43902	1	2	False
9515	3	4	True
21950	1	1	False
2008	1	1	False
5443	2	3	False
14654	1	1	False
2210	1	1	False
30298	1	1	False
13641	1	1	False
24605	1	1	False
27914	1	3	False
48618	1	5	False
21292	1	1	False
5442	2	2	True
50447	1	1	True
5841	1	3	False
37440	1	9	False
33328	2	2	False
44663	1	1	False
41361	1	1	False
11977	1	1	False
40419	1	1	False
42044	1	2	False
21575	1	1	False
11958	1	3	False
26112	1	2	False
16434	2	2	False
17589	2	4	False
7826	1	1	False
27295	1	3	True
26770	1	1	False
39646	1	1	False
18252	2	2	False
4626	1	2	False
20883	1	1	False
34105	3	4	False
25795	1	1	False
14444	1	1	False
20059	1	3	False
43881	1	1	False
49388	1	1	False
20475	1	1	False
45815	1	1	False
45818	1	1	False
35294	1	1	True
35549	1	2	False
46343	1	1	False
35326	1	1	False
27680	1	4	True
8206	6	6	True
11733	1	3	False
10100	1	3	False
103	1	1	False
24774	1	1	False
40833	1	1	True
29769	4	5	True
11712	1	2	False
30314	1	1	True
27915	3	4	False
32086	1	3	False
37420	1	1	False
9380	1	1	False
11121	1	1	False
40930	1	1	False
42019	4	8	False
52219	1	2	False
48423	1	1	False
15135	1	3	False
11947	1	1	False
28788	1	1	False
13969	1	1	False
13976	1	1	False
7453	1	1	False
47209	1	3	False
40210	1	1	False
50874	1	1	True
7948	1	2	True
7968	1	1	False
9519	1	1	False
18036	1	1	True
3905	1	1	False
26639	1	2	True
16494	1	1	False
34440	1	1	True
29264	1	3	True
22955	1	4	False
34965	1	1	False
34434	2	3	True
8641	1	1	False
38129	1	1	False
50213	1	1	False
12760	1	1	False
6363	1	2	True
15296	1	1	False
42967	1	1	True
1956	1	1	True
33042	1	1	True
490	1	1	False
50240	1	1	False
16112	1	2	False
31751	1	1	False
4443	1	1	False
41165	1	1	True
28844	2	3	True
5799	1	1	True
8228	1	1	False
37242	1	1	False
40426	2	2	False
23603	1	3	False
18546	1	1	True
15125	1	1	True
44052	1	2	True
47120	1	4	False
43536	1	1	False
39724	1	1	False
17605	1	1	True
31773	1	1	False
25203	2	4	False
24223	1	1	True
9841	1	1	False
27046	1	1	False
26161	1	1	True
15337	1	1	False
29440	2	2	True
6935	1	2	False
12728	1	2	False
13200	1	1	False
5165	1	1	False
24560	1	1	True
49037	2	3	False
29245	3	3	True
32787	1	1	False
26396	2	2	False
12296	1	1	False
45623	1	1	False
2	1	1	False
34264	6	9	True
49025	1	2	False
20139	1	5	False
28573	1	1	True
766	1	3	False
38745	1	3	False
14914	1	1	False
6877	1	1	False
32665	1	1	False
37240	1	1	False
52229	3	3	False
15116	1	1	False
49746	1	1	False
405	1	1	False
39543	1	4	False
41021	1	9	False
38215	1	8	False
25228	2	12	False
7814	1	5	False
2912	1	2	True
6153	4	9	True
51741	1	3	False
12970	1	4	True
36708	1	3	False
736	2	3	False
6619	2	4	True
48171	3	5	True
20882	1	3	True
33549	1	2	False
15559	1	2	False
2934	1	1	False
23520	1	4	False
31783	1	1	False
6194	1	4	False
41816	1	1	False
18763	1	3	True
49176	1	4	False
3882	1	3	True
47928	2	5	False
28348	2	4	True
1614	1	4	False
13993	1	5	False
2906	1	1	False
22160	1	1	True
28393	1	2	False
20720	3	5	False
28604	2	7	False
26901	1	1	False
31039	1	1	False
5178	1	4	False
5021	1	3	False
44654	1	3	False
1618	1	2	False
9399	1	3	True
1534	3	5	False
51177	1	2	False
13596	1	3	False
492	1	4	False
34589	1	2	False
36295	1	2	False
41852	1	1	False
19871	1	4	True
34619	2	3	False
18767	2	3	False
36722	1	2	False
33870	2	3	True
10427	2	3	False
34614	2	3	False
27300	1	3	False
2900	1	1	False
23790	1	1	False
20825	1	1	False
2193	1	2	False
6937	1	4	False
41581	1	2	True
32112	2	2	False
32479	1	2	False
30557	1	2	False
31725	1	2	False
13459	1	3	False
27488	2	5	False
18250	2	3	False
23767	1	2	True
27061	1	2	False
48191	1	2	False
23391	1	3	False
33856	1	2	True
4779	1	3	False
49825	1	3	False
49822	1	2	True
51204	1	2	False
22912	1	1	False
7732	1	3	False
37587	1	4	False
12947	1	2	True
20052	1	3	False
27322	1	2	False
45854	1	2	False
31853	1	3	False
22156	1	1	False
15596	1	3	True
34898	1	1	False
31293	2	4	True
12956	1	2	False
32294	2	3	False
50975	1	2	False
18922	1	2	False
42204	1	3	False
7557	1	2	False
21693	1	2	False
14018	1	2	True
4268	1	2	False
2915	1	1	False
25977	3	6	False
23804	1	2	False
46557	1	2	False
26727	2	3	True
35653	1	1	False
37885	1	1	False
4687	1	2	False
18792	1	2	False
35659	1	2	False
33787	1	3	False
38554	1	2	False
27673	1	1	False
7117	1	2	False
29596	2	2	True
36698	2	2	False
28368	3	3	False
9209	1	2	False
15588	1	2	True
30324	1	2	False
43534	1	2	False
763	1	1	False
23021	2	2	False
733	2	3	True
22524	1	2	False
44259	1	2	False
33394	1	2	False
28660	1	2	False
19674	1	3	False
6203	1	2	False
27458	2	3	True
32456	1	2	False
18778	1	2	False
37949	1	1	False
39699	1	3	False
18281	1	2	False
15617	1	1	False
33769	3	4	False
24562	1	1	False
13287	1	3	False
21388	1	2	False
5837	3	5	False
2331	1	2	False
9393	1	2	False
4858	1	2	False
11520	1	2	False
38363	1	2	False
43548	1	2	False
33610	2	3	False
42499	2	3	False
50904	2	3	False
22345	1	1	False
22318	1	1	False
35660	1	2	False
22317	1	2	False
23839	1	1	False
17745	1	2	False
15586	4	4	True
31737	1	1	False
22573	1	2	False
44203	1	3	False
5056	1	3	False
27913	1	2	False
6170	1	3	False
999	1	3	False
7626	1	2	True
5033	1	2	True
8565	1	2	False
8687	1	1	False
27465	1	1	False
1324	2	3	False
28514	1	1	False
491	1	1	False
2497	1	3	False
7538	4	6	True
16428	1	2	False
392	1	2	False
27154	1	2	False
14917	1	2	True
9632	1	2	False
40172	1	2	False
37819	1	1	True
37963	1	2	False
26908	1	1	False
20745	1	1	True
1331	1	2	True
30745	2	3	True
3015	1	1	False
33730	1	1	False
25215	1	2	False
24284	1	2	False
25309	1	2	False
10429	1	2	False
23961	2	3	True
33601	2	3	True
29252	2	4	True
48070	1	2	False
8543	1	1	False
13994	1	2	False
8693	1	2	False
40284	1	1	False
8760	1	1	False
29144	1	2	False
43143	2	2	True
18380	1	2	False
18804	1	1	True
50643	1	1	False
26790	1	1	False
3664	1	2	False
39723	1	1	False
39739	1	1	False
39656	1	1	False
39913	1	1	False
23792	1	3	False
50900	1	1	False
9640	1	1	False
46041	1	1	False
28189	1	1	False
17824	1	2	False
10991	1	1	False
31322	1	1	False
5486	1	2	False
25266	1	2	False
25961	1	2	False
1819	2	2	False
30522	1	2	False
7508	1	3	False
27912	3	4	True
39967	1	2	False
33331	1	2	False
33449	1	1	False
9891	1	2	False
34592	2	2	True
11513	1	1	False
13996	1	1	False
19100	1	1	False
7883	1	1	False
15615	1	2	False
43669	1	1	False
50049	1	2	False
8727	1	2	False
40249	1	1	False
43156	1	1	False
23521	1	1	False
22327	1	1	True
50893	3	3	False
39982	1	2	False
15739	2	3	False
13348	1	1	False
9281	1	1	False
7134	1	1	False
20932	1	2	False
9211	2	2	False
49333	1	2	False
30827	1	1	False
18035	2	3	False
51228	1	1	False
24572	1	1	False
39129	1	1	False
32204	1	1	False
13121	1	2	False
3214	1	1	False
32104	3	4	False
48181	1	1	False
2502	1	2	False
27138	2	3	False
28582	3	4	True
28798	1	2	False
5899	1	1	False
44638	1	1	False
30086	1	1	False
24884	1	2	False
23771	1	2	False
35651	2	2	False
50883	1	1	False
20854	1	1	False
26004	1	1	False
747	1	1	True
32105	1	1	False
19899	1	1	False
46025	1	1	True
39436	1	1	False
42161	2	2	False
5068	1	3	False
44190	2	2	False
2919	1	1	False
31827	1	2	False
21296	1	2	False
29447	2	3	True
45127	1	2	False
31433	2	3	True
5620	1	1	True
5041	1	1	False
28860	1	2	False
2328	1	2	False
47973	1	1	False
2325	1	2	True
48428	1	2	False
373	1	2	False
37244	1	1	False
7933	1	1	False
1576	1	1	True
29084	1	1	True
42547	1	2	True
29105	1	1	False
27469	1	1	False
3344	1	1	False
18798	1	1	False
35650	1	2	False
7998	1	1	False
3663	1	2	True
14825	1	1	False
39861	1	1	False
25969	1	1	False
25975	1	1	False
11568	1	1	False
26381	3	3	True
51281	1	1	False
22766	1	1	True
15331	1	1	False
25207	2	3	False
24792	1	2	False
25651	3	6	True
2203	1	1	False
2197	2	2	False
24558	1	1	True
37017	1	2	False
40989	2	3	True
28837	1	2	False
1152	1	1	False
23407	1	2	False
44633	1	2	True
28669	1	1	False
28819	1	3	True
28818	1	1	True
47935	1	2	False
7563	2	2	False
32115	1	1	False
16263	1	1	False
23604	2	3	False
23597	1	1	True
9389	2	2	False
27172	1	2	False
365	1	3	False
38365	1	1	True
1587	1	1	False
42523	1	1	True
1521	1	2	False
27476	1	1	False
40246	1	1	False
50066	1	1	False
18776	2	2	False
3468	1	1	False
3347	1	1	False
26918	1	1	False
35705	1	1	False
20726	1	1	False
31154	1	1	False
7970	1	1	False
28107	1	1	True
36211	1	1	False
36192	2	2	True
3878	1	1	False
35087	1	1	False
30760	1	1	False
22775	1	1	True
30789	1	1	False
22972	1	1	False
50535	1	1	False
36776	1	1	False
37683	1	1	False
24230	1	2	False
495	1	2	False
40612	2	2	False
39988	2	2	True
28594	1	2	True
5842	1	1	False
27152	1	1	False
15121	1	2	True
43530	1	1	False
4847	1	1	False
14020	2	2	False
14012	2	2	False
29259	1	2	False
32301	1	2	False
8686	2	2	False
1580	1	1	False
18267	1	2	False
31186	1	2	False
51749	1	1	False
14725	1	1	False
3662	1	2	False
39694	1	1	False
39574	1	1	False
43146	1	1	False
25730	1	1	False
500	1	1	False
22818	1	1	False
13604	1	1	False
28365	1	1	False
7098	1	1	False
31297	1	1	False
24270	1	1	False
25196	1	2	False
33855	1	1	False
34112	1	2	False
16641	2	3	False
11688	2	5	False
44950	1	1	True
21257	1	2	False
38322	4	4	True
35979	1	1	False
19629	2	2	True
7695	1	1	False
11510	1	2	False
6768	1	2	False
8651	1	1	False
49754	1	1	False
32135	1	1	False
20627	1	1	False
30051	1	2	True
18947	1	1	False
13977	1	2	False
13979	2	2	True
27490	1	1	False
1595	1	2	False
1582	1	1	True
43547	1	1	True
23806	1	1	False
22310	1	1	True
19207	1	1	False
20724	1	2	True
51767	1	1	False
51738	1	1	False
28146	1	1	False
494	1	1	False
7126	1	1	False
39022	1	1	False
8220	2	2	False
32628	1	1	True
799	1	1	False
1368	1	1	False
30741	1	1	False
30990	1	1	False
6536	1	1	False
16849	1	1	False
24575	2	2	False
4056	3	3	True
30289	1	2	False
16663	1	2	False
12467	1	2	False
15292	2	4	False
39966	2	2	True
4173	1	1	False
39973	1	2	False
41565	1	1	True
30295	1	1	False
21255	1	1	True
28615	2	2	False
6200	1	2	False
2320	2	2	True
28759	1	1	False
19662	1	1	False
47895	2	2	True
41558	2	2	True
40423	1	1	False
6801	1	1	False
11961	1	1	True
23725	1	1	False
11957	2	2	False
4859	1	1	False
19012	1	2	False
17428	1	2	False
47133	3	4	False
32475	1	1	False
27294	1	2	False
1549	1	1	False
23814	1	1	True
51037	1	1	False
14709	1	1	False
46501	1	1	False
35680	1	1	True
50654	1	1	False
3668	1	1	False
35693	2	2	False
748	2	2	True
7140	1	1	False
44045	2	2	True
36716	1	1	False
28309	1	1	False
17936	1	1	False
25824	1	1	False
8232	1	1	False
45817	1	1	True
47421	2	3	False
48588	1	2	True
40975	4	7	True
13128	1	1	False
12736	1	1	False
25460	1	1	True
34437	1	2	False
47441	1	2	False
34136	1	2	False
24008	1	1	False
16080	1	2	False
28905	1	1	False
44631	1	2	True
19772	1	1	False
5804	3	3	False
7528	3	4	True
5801	1	1	True
12946	1	2	True
38527	1	1	False
12964	1	1	False
44978	1	1	True
38693	1	1	False
9383	1	1	False
42017	1	1	False
6778	1	2	False
49468	1	1	False
18566	1	1	False
49466	1	1	False
6795	2	3	False
10544	1	1	True
16440	2	2	True
17431	1	1	False
37238	1	1	False
42533	1	1	False
40176	1	1	False
27284	1	1	False
42490	1	1	False
23809	1	1	False
37908	2	2	False
23769	1	1	False
36583	1	1	False
35686	1	1	False
50820	1	1	False
20894	1	1	False
43856	1	1	False
33770	1	1	False
36971	1	1	False
20930	1	1	False
20922	1	1	False
793	1	1	True
7096	1	1	False
31743	1	1	False
2226	1	1	False
21404	1	1	False
2191	1	1	False
31453	1	1	True
24253	1	2	False
38961	1	1	False
32677	1	2	False
16693	1	1	False
10063	4	5	True
26168	1	1	False
2492	1	1	False
12741	1	1	False
33619	1	1	True
17841	1	1	False
23072	1	1	False
20157	2	2	True
20195	1	1	False
21251	2	2	False
499	1	1	False
48779	1	1	False
36146	1	1	False
6374	1	1	False
32799	2	2	True
35940	1	1	False
44647	2	2	False
9396	1	1	True
6898	1	1	False
6166	1	1	False
6258	1	1	False
28605	1	2	False
19672	2	3	False
7621	1	2	False
23112	1	1	False
27137	2	2	False
41510	1	1	False
6799	2	2	False
9870	1	1	False
34601	3	3	False
4952	1	1	False
21751	1	1	False
32489	1	1	False
32451	1	2	False
1565	1	1	False
42536	1	1	False
9032	1	1	False
50008	1	1	False
39683	1	2	True
7943	1	1	False
18799	1	1	False
31160	1	1	True
35666	2	2	False
37832	1	1	False
29806	1	1	False
30281	1	1	True
29518	1	1	False
790	1	1	False
29323	1	1	False
1306	1	1	False
21050	2	2	False
30820	2	2	False
41195	1	1	False
30981	1	1	False
28125	1	2	False
22173	1	1	False
30993	1	1	False
8211	1	1	False
44261	1	1	False
1838	1	1	False
10412	1	1	False
41087	1	1	False
15459	1	2	False
12942	3	4	True
10979	1	1	False
2890	1	1	False
13136	1	1	False
30862	2	3	False
30540	3	5	False
48785	1	1	False
40739	1	1	False
31331	1	1	False
32113	1	1	False
2208	1	1	False
45122	1	2	False
2506	1	1	False
2490	1	1	False
44635	1	1	False
28823	2	4	False
5856	2	2	False
6013	1	1	False
7637	1	1	False
5854	1	1	False
6057	1	1	False
6020	1	1	False
6268	1	1	False
28579	1	1	True
28807	1	1	False
31309	1	2	False
9469	1	2	False
40445	1	1	False
34623	2	2	True
49456	1	1	False
9863	1	1	False
49461	1	1	False
34917	1	1	True
42026	1	1	False
49633	1	1	False
15141	1	1	False
17444	1	1	False
42515	1	2	False
27459	1	1	True
42534	1	1	False
4661	1	1	False
50641	2	2	False
26749	1	1	False
39684	1	1	False
26920	1	1	False
31145	1	1	False
14244	1	1	False
15707	1	1	False
40979	1	1	False
36699	1	1	False
36207	1	1	False
44070	1	1	False
6608	1	1	True
51250	1	1	True
51950	1	1	False
8433	1	1	False
9212	1	1	False
36215	1	1	False
3876	1	1	True
29339	1	1	False
751	1	1	True
25259	1	1	False
25809	1	1	False
24224	2	2	False
39262	1	1	False
30532	2	2	False
31892	1	1	False
34116	1	1	False
21250	1	1	False
13290	2	2	False
24624	1	1	False
36365	1	1	False
43296	2	2	True
15368	1	1	False
40021	1	1	False
11824	1	1	False
5445	3	3	False
10661	1	1	False
33586	3	3	True
42661	1	1	False
50354	1	1	False
17005	1	1	False
32801	1	1	True
40613	2	2	False
40636	1	1	True
40433	2	2	False
6015	1	1	False
6041	1	1	False
28871	1	1	False
7546	1	1	False
47901	1	1	True
28797	1	1	True
37227	1	1	False
47427	2	2	False
38690	1	1	False
38689	2	2	False
37579	1	1	False
40421	1	1	False
52221	1	1	False
9865	1	1	False
23598	1	1	False
34604	1	1	False
47181	1	1	False
14005	1	1	False
43544	1	1	True
43554	1	1	False
39476	1	1	False
39672	1	1	False
39674	1	1	False
50645	1	1	True
26741	1	1	False
49981	1	1	False
41003	1	1	False
30973	1	1	False
24577	1	1	False
10976	1	1	True
20926	2	2	False
13528	1	1	False
20885	1	1	False
41169	1	1	False
1296	1	1	True
3919	1	1	False
42187	1	1	False
42282	1	1	False
15749	1	1	False
22767	1	1	False
7101	1	1	True
33760	1	1	True
29776	1	1	False
47455	1	1	False
42931	1	1	True
4432	1	1	True
30274	1	1	False
25205	1	1	True
44193	1	1	True
7332	1	1	False
27920	2	2	False
33333	3	3	False
10706	1	1	False
26181	1	1	False
34474	1	1	False
10465	1	2	False
11717	1	1	False
11683	1	1	False
6364	1	1	False
40831	1	1	False
12469	2	2	True
47634	1	1	False
10413	1	1	False
2576	1	1	False
42925	2	2	True
31440	1	1	True
2789	1	1	False
37610	1	1	False
45118	3	3	False
5042	1	1	True
20130	2	2	False
31444	1	1	True
4438	1	1	False
32806	1	1	False
48823	1	1	False
23965	1	1	False
10642	2	2	False
48793	1	1	False
47403	1	1	False
28795	2	2	False
47941	1	1	False
5833	1	1	False
23118	2	2	False
23117	1	1	False
12960	1	2	False
12961	1	1	False
11515	1	1	False
4850	1	1	False
29602	1	1	False
9893	1	2	False
4875	1	1	False
46599	1	1	False
18552	1	1	False
10933	1	1	False
25646	2	2	True
24465	1	1	False
21781	1	1	False
47146	1	1	False
40250	1	1	False
8706	1	1	False
42545	1	1	False
42519	1	1	True
47075	1	1	False
37804	1	1	True
36571	1	1	False
23795	1	1	True
23785	1	1	True
36636	1	1	False
3785	1	1	False
35658	1	1	True
50932	1	1	False
37955	1	1	False
31139	1	1	False
22545	1	1	False
50430	1	1	False
50429	1	1	False
17830	1	1	True
24248	1	1	False
25238	1	1	True
11220	2	2	False
32773	1	1	False
51419	1	1	False
16855	1	1	False
42954	2	2	False
29462	1	1	True
43846	2	2	False
16668	1	2	False
35156	1	1	False
12268	1	1	False
11676	1	2	False
25455	3	3	False
6369	1	1	False
11729	1	1	False
36108	1	1	False
4612	1	1	False
47729	1	1	False
45209	1	1	False
5034	2	2	False
34108	1	1	False
38317	3	3	True
32786	2	2	False
36399	1	1	False
21031	4	4	True
22909	1	1	False
48853	1	1	False
32127	1	1	False
6423	1	1	False
33592	1	1	False
29450	1	1	False
42932	3	3	True
15735	1	1	False
2537	1	1	False
11232	1	1	False
20176	1	1	False
20137	1	1	False
27947	1	1	False
20155	1	1	False
11247	1	1	False
42684	1	1	False
31739	1	1	False
30524	1	1	True
6175	1	1	False
28577	2	2	False
7540	1	1	True
28617	1	1	True
5797	2	2	False
28563	1	1	True
5806	1	1	False
19860	1	1	False
924	1	1	False
944	1	1	False
47898	2	2	True
28816	1	1	False
24600	2	2	False
9387	1	1	False
13176	1	1	False
38837	1	1	False
11522	1	1	False
32650	1	1	False
6808	1	1	False
16968	2	2	False
18575	1	1	False
52274	1	1	False
8540	1	1	False
7731	1	1	False
30068	1	1	False
47125	1	1	False
13364	1	1	False
18949	1	1	False
21711	1	1	False
30215	1	1	False
8682	1	1	False
40186	1	1	False
27572	1	1	False
27358	1	1	False
1567	1	1	False
7944	1	1	False
37812	1	1	True
20744	1	1	True
14867	1	1	False
20722	1	1	True
35161	1	1	False
33367	1	2	False
38944	1	1	False
806	1	1	False
3892	1	1	False
46080	1	1	False
41343	1	1	True
28328	1	1	False
4463	1	1	False
25818	1	1	False
9732	1	1	False
7239	1	1	False
26596	2	2	False
33625	2	2	False
48805	1	1	False
46326	1	1	False
46397	1	1	False
20375	1	1	True
47784	1	1	False
21030	1	1	False
48591	1	1	True
31464	1	1	False
23990	1	1	False
40832	1	1	False
10368	1	1	False
22510	3	3	True
16657	1	1	True
11687	2	3	True
77	1	1	False
4591	1	1	False
2209	1	1	False
31735	1	1	False
12998	1	1	False
36441	1	1	False
21057	1	1	False
36356	1	1	False
32790	1	1	False
21291	2	2	True
32789	2	2	True
31758	1	1	False
24642	1	1	False
51857	1	1	False
9204	1	1	True
41647	1	1	False
33408	1	1	False
8289	1	1	False
11228	3	3	True
5638	1	1	True
17266	1	1	False
37641	1	1	False
45631	1	1	True
11231	2	2	False
52025	1	1	False
30528	1	1	False
45626	1	1	False
32818	1	1	False
33308	1	1	False
20160	1	1	False
31492	1	1	False
21239	1	1	False
21038	1	1	False
2335	1	1	False
28618	1	1	True
937	1	1	True
19696	1	1	False
19625	1	1	False
28585	1	1	False
47891	1	1	False
7608	1	2	False
11482	1	1	False
21579	1	1	False
52261	1	1	False
6765	1	1	False
49441	1	1	False
31781	1	1	False
10961	1	1	False
30056	1	1	False
7491	1	1	False
18937	1	1	False
27456	1	1	False
8817	1	1	False
50037	1	1	True
1617	1	2	True
23799	1	1	False
35740	1	1	False
22790	1	1	False
42955	1	1	False
17227	1	1	False
36773	1	1	False
14669	1	1	False
23975	1	1	False
21407	1	1	False
10410	1	1	True
10796	1	1	False
39077	1	1	False
10497	1	1	False
20399	1	1	False
51430	1	1	False
41143	1	1	False
44956	1	1	False
9522	1	1	False
22543	1	1	False
10954	1	1	True
18489	1	1	False
6362	1	1	False
29448	1	1	False
101	1	1	False
7031	1	1	False
12505	1	1	False
6361	1	1	True
26207	1	1	False
12035	1	1	False
38426	1	1	False
44958	2	2	False
42949	1	1	False
30282	1	1	True
33335	1	1	False
16449	1	1	True
2136	1	2	False
48589	1	1	False
40830	1	1	True
11046	1	1	False
35062	1	1	False
577	1	1	False
27663	1	1	False
5447	1	1	True
49004	1	1	False
50431	2	3	False
38523	1	1	False
24557	1	1	True
100	1	1	True
10423	1	1	True
7424	1	1	False
48788	1	1	True
12605	1	1	False
15738	1	1	False
21243	1	1	False
20147	1	1	False
4054	1	1	False
45138	1	1	False
35059	1	1	False
4688	1	1	False
5307	1	1	False
28803	2	2	False
19655	1	1	False
19622	1	1	False
47969	1	1	False
7573	1	1	False
7690	1	1	False
5810	1	1	False
42028	1	1	False
9401	1	1	False
18558	1	1	False
8536	1	1	False
11950	2	2	False
18999	1	1	False
18995	1	1	False
24476	1	1	False
1529	2	2	False
7962	1	1	False
26902	1	1	False
19406	1	1	False
37939	1	1	False
41301	1	1	False
3874	1	1	False
7115	1	1	False
25403	1	1	False
24245	1	1	False
25199	1	1	False
1851	1	1	False
39318	1	1	False
20037	1	1	False
2519	1	1	False
49392	1	1	False
46314	1	1	False
46316	1	1	False
45401	1	1	False
35520	1	1	False
40603	1	1	False
11472	1	1	False
41557	1	1	True
42930	1	1	False
9547	1	1	False
49034	1	1	True
2813	1	1	False
22016	1	1	False
11882	1	1	False
26172	1	1	False
12727	1	1	False
13585	1	1	True
12827	1	1	False
48595	1	1	False
10293	1	1	False
47681	1	2	False
11223	1	1	True
37704	1	1	False
29260	1	1	False
34342	1	1	False
27934	1	1	False
20567	1	1	False
19869	2	2	True
41555	2	2	True
559	1	1	False
14497	1	1	False
30277	1	1	True
1962	1	1	False
37602	1	1	False
21242	1	1	False
10312	1	1	False
41595	1	1	False
315	1	1	False
21083	1	1	False
4431	1	1	True
33076	1	1	False
5642	1	1	False
19855	1	1	False
44932	1	1	False
19624	1	1	False
7529	1	1	False
33733	1	1	False
35181	1	2	False
9436	1	1	False
31102	1	1	False
49598	1	1	False
4863	1	1	False
21603	1	1	False
386	1	1	False
42014	1	1	False
52235	1	1	False
37334	1	1	False
10585	1	1	False
13109	1	1	False
46882	1	1	False
29643	1	1	False
47111	1	1	False
40175	1	1	False
1591	1	1	False
27464	1	1	False
39652	1	1	True
8010	1	1	False
23787	1	1	False
26940	1	1	False
41573	1	1	True
41213	1	1	False
49266	1	1	False
36387	1	1	False
21033	1	1	True
44374	1	1	False
44265	1	1	False
24267	1	1	False
7241	1	1	False
39100	1	1	False
14354	1	1	False
33061	1	1	False
20373	1	1	True
46336	1	1	True
33862	1	1	False
49041	1	1	False
41717	1	1	False
21040	1	1	False
12844	1	1	False
45139	1	1	False
17846	1	1	False
15312	1	1	True
31747	1	1	False
9628	1	1	False
16755	1	1	False
36111	1	1	False
16644	1	1	True
145	1	1	False
6975	1	1	False
46915	1	1	True
304	1	1	False
16070	1	1	False
16635	1	1	False
40537	1	1	False
31438	1	1	False
15717	1	1	False
16466	1	1	True
408	1	1	False
31818	1	1	False
29774	1	1	False
48790	1	1	True
30519	2	2	False
48784	1	1	False
21259	1	1	False
20175	1	1	False
29458	1	1	False
17236	1	1	False
5444	1	1	True
16078	1	1	False
33598	1	1	False
14517	1	1	False
34119	1	1	False
31023	1	1	False
2204	1	1	False
40596	2	2	False
2593	1	1	False
9269	1	1	False
37596	1	1	False
12935	2	2	False
5022	1	1	False
19792	1	1	False
23207	1	1	False
2346	1	1	False
2344	1	1	False
47917	1	1	False
28881	1	1	False
33374	1	1	False
29249	1	1	False
11467	1	1	False
15118	2	2	False
48421	1	1	False
18580	1	1	False
49439	1	1	False
376	1	1	False
52245	1	1	False
6816	1	1	False
40452	1	1	False
13995	1	1	False
4447	1	1	False
50041	1	1	False
1557	1	1	False
7912	1	1	False
50065	1	1	True
43567	1	1	False
35649	1	1	False
39485	1	1	True
31148	1	1	False
18784	1	1	False
15375	1	1	False
42267	1	1	False
42380	1	1	False
39067	1	1	True
26628	1	1	False
39109	1	1	False
39093	1	1	False
42983	1	1	True
26420	1	1	False
10959	1	1	False
11215	1	1	False
11754	1	1	False
47453	1	1	False
11462	1	1	False
13494	1	1	False
47010	1	1	False
36406	1	1	False
20675	1	1	False
47856	1	1	False
26215	1	1	False
11711	1	1	False
43287	1	2	False
7079	1	1	False
5170	1	1	False
11693	1	1	False
6429	1	1	False
25551	1	1	False
36085	1	1	False
290	1	1	False
26382	1	1	False
30332	1	1	False
2198	1	1	False
43848	1	1	True
20148	1	1	False
33089	1	1	False
28113	1	1	True
35093	1	1	False
8399	1	1	False
41596	1	1	False
15625	1	1	False
40616	1	1	False
15597	1	1	False
15728	1	1	False
21307	1	1	False
48789	1	1	False
52034	1	1	False
31443	1	1	True
45124	1	1	False
102	1	1	False
41172	1	1	False
33041	1	1	False
21297	1	1	False
49148	1	1	False
20316	1	1	False
30496	1	1	False
14611	1	1	False
16106	1	1	True
19632	1	1	False
28828	1	1	False
19645	1	1	True
7610	1	1	True
47899	1	1	False
47907	1	1	True
942	1	1	False
47914	1	1	False
8297	1	1	False
10404	1	1	False
38704	1	1	False
49759	1	1	False
23595	1	1	True
15193	1	1	False
24473	1	1	False
47188	1	1	False
43650	1	1	False
7850	1	1	False
43571	1	1	False
3357	1	1	True
51781	1	1	False
30312	1	1	False
50499	1	1	False
25192	1	1	False
10805	1	1	False
20082	1	1	False
4249	1	1	False
20034	1	1	False
52036	1	1	False
51314	1	1	False
898	1	1	False
35092	1	1	False
9549	1	1	False
42960	1	1	True
44976	1	1	False
5206	1	1	False
16157	1	1	False
50310	1	1	False
6372	1	1	False
25467	1	1	False
13118	1	1	True
13124	1	1	False
15303	1	1	False
31772	1	1	False
13125	1	1	False
23593	1	1	True
8328	1	1	False
15244	1	1	False
48775	1	1	False
20552	1	1	True
22511	1	1	False
49163	1	1	False
29600	1	1	True
38153	1	1	False
32624	2	2	True
35058	1	1	True
16089	2	2	False
42664	1	1	False
20133	1	1	False
38131	1	1	False
32792	1	1	False
19886	1	1	False
11217	1	1	True
5622	1	1	False
10636	1	1	False
37039	1	1	False
19636	1	1	True
2324	1	1	True
48112	1	1	False
931	1	1	False
28848	1	1	False
47897	1	1	True
5150	1	1	False
773	1	1	False
37406	1	1	False
21569	1	1	False
49767	1	1	False
48452	1	1	False
32617	1	1	True
